name,carrier,Region,bus,REZ Location,Fuel/Technology type,p_nom,Summer Rating (MW),Not Summer Rating (MW),Maintenance duration (%),Maximum Capacity Factor (%),FOM ($/kW/annum),VOM ($/MWh sent-out),Heat Rate (GJ/MWh HHV s.o.),Fuel Cost ($/GJ),Emissions (kg/MWh),MLF,Auxiliary Load (%),marginal_cost,expected_retirement_year,min_output,p_min_pu,control,type,p_nom_extendable,p_nom_min,p_nom_max,p_max_pu,p_set,q_set,sign,build_year,lifetime,capital_cost,efficiency,committable,start_up_cost,shut_down_cost,min_up_time,min_down_time,up_time_before,down_time_before,ramp_limit_up,ramp_limit_down,ramp_limit_start_up,ramp_limit_shut_down,p,q,p_nom_iot,status,mu_upper,mu_lower,mu_p_set,mu_ramp_limit_up,mu_ramp_limit_down
Bayswater 1,Coal,NSW,CNSW,N/A,Black Coal NSW,672.5,655,685,5.479,75,56.743,4.488,9.449,1.723,889.376,0.962,5.46,20.772,2033,250,0.3717,PQ,,FALSE,0,inf,1,0,0,1,2000,33,0,1,TRUE,26900,0,0,0,1,0,NaN,NaN,,,,,,,,,,,
Bayswater 2,Coal,NSW,CNSW,N/A,Black Coal NSW,672.5,655,685,5.479,75,56.743,4.488,9.449,1.723,889.376,0.962,5.46,20.772,2033,250,0.3717,PQ,,FALSE,0,inf,1,0,0,1,2000,33,0,1,TRUE,26900,0,0,0,1,0,NaN,NaN,,,,,,,,,,,
Bayswater 3,Coal,NSW,CNSW,N/A,Black Coal NSW,672.5,655,685,5.479,75,56.743,4.488,9.449,1.723,889.376,0.962,5.46,20.772,2033,250,0.3717,PQ,,FALSE,0,inf,1,0,0,1,2000,33,0,1,TRUE,26900,0,0,0,1,0,NaN,NaN,,,,,,,,,,,
Bayswater 4,Coal,NSW,CNSW,N/A,Black Coal NSW,672.5,655,685,5.479,75,56.743,4.488,9.449,1.723,889.376,0.962,5.46,20.772,2033,250,0.3717,PQ,,FALSE,0,inf,1,0,0,1,2000,33,0,1,TRUE,26900,0,0,0,1,0,NaN,NaN,,,,,,,,,,,
Callide B 1,Coal,QLD,CNQ,N/A,Black Coal QLD,350,350,350,5.479,N/A,55.836,4.419,9.16,2.05,946.715,0.925,6.67,23.195,2028,155,0.442857143,PQ,,FALSE,0,inf,1,0,0,1,2000,28,0,1,TRUE,14000,0,0,0,1,0,NaN,NaN,,,,,,,,,,,
Callide B 2,Coal,QLD,CNQ,N/A,Black Coal QLD,350,350,350,5.479,N/A,55.836,4.419,9.16,2.05,946.715,0.925,6.67,23.195,2028,155,0.442857143,PQ,,FALSE,0,inf,1,0,0,1,2000,28,0,1,TRUE,14000,0,0,0,1,0,NaN,NaN,,,,,,,,,,,
Callide C 1,Coal,QLD,CNQ,N/A,Black Coal QLD,420,427,443,5.479,N/A,55.836,4.419,9.302,2.05,910.606,0.927,6.67,23.486,2051,180,0.428571429,PQ,,FALSE,0,inf,1,0,0,1,2000,51,0,1,TRUE,16800,0,0,0,1,0,NaN,NaN,,,,,,,,,,,
Callide C 2,Coal,QLD,CNQ,N/A,Black Coal QLD,420,427,443,5.479,N/A,55.836,4.419,9.302,2.05,910.606,0.927,6.67,23.486,2051,180,0.428571429,PQ,,FALSE,0,inf,1,0,0,1,2000,51,0,1,TRUE,16800,0,0,0,1,0,NaN,NaN,,,,,,,,,,,
Eraring 1,Coal,NSW,SNW,N/A,Black Coal NSW,720,668.5,688.5,5.479,75,56.743,4.488,9.549,3.103,888.231,0.985,5.46,34.118,2025,210,0.2917,PQ,,FALSE,0,inf,1,0,0,1,2000,25,0,1,TRUE,28800,0,0,0,1,0,NaN,NaN,,,,,,,,,,,
Eraring 2,Coal,NSW,SNW,N/A,Black Coal NSW,720,668.5,688.5,5.479,75,56.743,4.488,9.549,3.103,888.231,0.985,5.46,34.118,2025,210,0.2917,PQ,,FALSE,0,inf,1,0,0,1,2000,25,0,1,TRUE,28800,0,0,0,1,0,NaN,NaN,,,,,,,,,,,
Eraring 3,Coal,NSW,SNW,N/A,Black Coal NSW,720,668.5,688.5,5.479,75,56.743,4.488,9.549,3.103,888.231,0.985,5.46,34.118,2025,210,0.2917,PQ,,FALSE,0,inf,1,0,0,1,2000,25,0,1,TRUE,28800,0,0,0,1,0,NaN,NaN,,,,,,,,,,,
Eraring 4,Coal,NSW,SNW,N/A,Black Coal NSW,720,668.5,688.5,5.479,75,56.743,4.488,9.549,3.103,888.231,0.985,5.46,34.118,2025,210,0.2917,PQ,,FALSE,0,inf,1,0,0,1,2000,25,0,1,TRUE,28800,0,0,0,1,0,NaN,NaN,,,,,,,,,,,
Gladstone 1,Coal,QLD,GG,N/A,Black Coal QLD,280,280,280,5.479,N/A,55.836,4.419,9.474,2.677,952.487,0.952,6.67,29.779,2035,110,0.392857143,PQ,,FALSE,0,inf,1,0,0,1,2000,35,0,1,TRUE,11200,0,0,0,1,0,NaN,NaN,,,,,,,,,,,
Gladstone 2,Coal,QLD,GG,N/A,Black Coal QLD,280,280,280,5.479,N/A,55.836,4.419,9.474,2.677,952.487,0.952,6.67,29.779,2035,110,0.392857143,PQ,,FALSE,0,inf,1,0,0,1,2000,35,0,1,TRUE,11200,0,0,0,1,0,NaN,NaN,,,,,,,,,,,
Gladstone 3,Coal,QLD,GG,N/A,Black Coal QLD,280,280,280,5.479,N/A,55.836,4.419,9.474,2.677,952.487,0.952,6.67,29.779,2035,110,0.392857143,PQ,,FALSE,0,inf,1,0,0,1,2000,35,0,1,TRUE,11200,0,0,0,1,0,NaN,NaN,,,,,,,,,,,
Gladstone 4,Coal,QLD,GG,N/A,Black Coal QLD,280,280,280,5.479,N/A,55.836,4.419,9.474,2.677,952.487,0.952,6.67,29.779,2035,110,0.392857143,PQ,,FALSE,0,inf,1,0,0,1,2000,35,0,1,TRUE,11200,0,0,0,1,0,NaN,NaN,,,,,,,,,,,
Gladstone 5,Coal,QLD,GG,N/A,Black Coal QLD,280,280,280,5.479,N/A,55.836,4.419,9.474,2.677,952.487,0.952,6.67,29.779,2035,110,0.392857143,PQ,,FALSE,0,inf,1,0,0,1,2000,35,0,1,TRUE,11200,0,0,0,1,0,NaN,NaN,,,,,,,,,,,
Gladstone 6,Coal,QLD,GG,N/A,Black Coal QLD,280,280,280,5.479,N/A,55.836,4.419,9.474,2.677,952.487,0.952,6.67,29.779,2035,110,0.392857143,PQ,,FALSE,0,inf,1,0,0,1,2000,35,0,1,TRUE,11200,0,0,0,1,0,NaN,NaN,,,,,,,,,,,
Kogan Creek,Coal,QLD,SQ,N/A,Black Coal QLD,744,710,750,5.479,N/A,55.836,4.419,8.802,1.39,840.703,0.969,6.67,16.652,2042,330.336,0.444,PQ,,FALSE,0,inf,1,0,0,1,2000,42,0,1,TRUE,29760,0,0,0,1,0,NaN,NaN,,,,,,,,,,,
Liddell 1 ,Coal,NSW,CNSW,N/A,Black Coal NSW,500,500,500,5.479,75,56.743,4.488,10.141,1.723,945.575,0.963,5.46,21.965,2023,240,0.48,PQ,,FALSE,0,inf,1,0,0,1,2000,23,0,1,TRUE,20000,0,0,0,1,0,NaN,NaN,,,,,,,,,,,
Liddell 2,Coal,NSW,CNSW,N/A,Black Coal NSW,500,500,500,5.479,75,56.743,4.488,10.141,1.723,945.575,0.963,5.46,21.965,2023,240,0.48,PQ,,FALSE,0,inf,1,0,0,1,2000,23,0,1,TRUE,20000,0,0,0,1,0,NaN,NaN,,,,,,,,,,,
Liddell 3,Coal,NSW,CNSW,N/A,Black Coal NSW,500,500,500,5.479,75,56.743,4.488,10.141,1.723,945.575,0.963,5.46,21.965,2023,240,0.48,PQ,,FALSE,0,inf,1,0,0,1,2000,23,0,1,TRUE,20000,0,0,0,1,0,NaN,NaN,,,,,,,,,,,
Liddell 4,Coal,NSW,CNSW,N/A,Black Coal NSW,500,500,500,5.479,75,56.743,4.488,10.141,1.723,945.575,0.963,5.46,21.965,2023,240,0.48,PQ,,FALSE,0,inf,1,0,0,1,2000,23,0,1,TRUE,20000,0,0,0,1,0,NaN,NaN,,,,,,,,,,,
Loy Yang A 1,Brown Coal,VIC,VIC,N/A,Brown Coal VIC,552.5,520,552.5,5.479,N/A,143.969,4.21,12.162,0.669,1137.762,0.976,8.2,12.346,2045,300,0.542986425,PQ,,FALSE,0,inf,1,0,0,1,2000,35,0,1,TRUE,22100,0,0,0,1,0,NaN,NaN,,,,,,,,,,,
Loy Yang A 2,Brown Coal,VIC,VIC,N/A,Brown Coal VIC,552.5,520,552.5,5.479,N/A,143.969,4.21,12.162,0.669,1137.762,0.976,8.2,12.346,2045,300,0.542986425,PQ,,FALSE,0,inf,1,0,0,1,2000,35,0,1,TRUE,22100,0,0,0,1,0,NaN,NaN,,,,,,,,,,,
Loy Yang A 3,Brown Coal,VIC,VIC,N/A,Brown Coal VIC,552.5,520,552.5,5.479,N/A,143.969,4.21,12.162,0.669,1137.762,0.976,8.2,12.346,2045,300,0.542986425,PQ,,FALSE,0,inf,1,0,0,1,2000,35,0,1,TRUE,22100,0,0,0,1,0,NaN,NaN,,,,,,,,,,,
Loy Yang A 4,Brown Coal,VIC,VIC,N/A,Brown Coal VIC,552.5,520,552.5,5.479,N/A,143.969,4.21,12.162,0.669,1137.762,0.976,8.2,12.346,2045,300,0.542986425,PQ,,FALSE,0,inf,1,0,0,1,2000,35,0,1,TRUE,22100,0,0,0,1,0,NaN,NaN,,,,,,,,,,,
Loy Yang B 1,Brown Coal,VIC,VIC,N/A,Brown Coal VIC,580,545,580,5.479,N/A,143.969,4.21,12.544,0.669,1113.315,0.976,8.2,12.601,2047,320,0.551724138,PQ,,FALSE,0,inf,1,0,0,1,2000,47,0,1,TRUE,23200,0,0,0,1,0,NaN,NaN,,,,,,,,,,,
Loy Yang B 2,Brown Coal,VIC,VIC,N/A,Brown Coal VIC,580,545,580,5.479,N/A,143.969,4.21,12.544,0.669,1113.315,0.976,8.2,12.601,2047,320,0.551724138,PQ,,FALSE,0,inf,1,0,0,1,2000,47,0,1,TRUE,23200,0,0,0,1,0,NaN,NaN,,,,,,,,,,,
Millmerran 1,Coal,QLD,SQ,N/A,Black Coal QLD,426,336,426,5.479,N/A,55.836,4.419,9.207,1.269,829.631,0.973,6.67,16.107,2051,200,0.469483568,PQ,,FALSE,0,inf,1,0,0,1,2000,51,0,1,TRUE,17040,0,0,0,1,0,NaN,NaN,,,,,,,,,,,
Millmerran 2,Coal,QLD,SQ,N/A,Black Coal QLD,426,336,426,5.479,N/A,55.836,4.419,9.207,1.269,829.631,0.973,6.67,16.107,2051,200,0.469483568,PQ,,FALSE,0,inf,1,0,0,1,2000,51,0,1,TRUE,17040,0,0,0,1,0,NaN,NaN,,,,,,,,,,,
Mt Piper 1,Coal,NSW,CNSW,N/A,Black Coal NSW,695,690,715,5.479,75,56.743,4.488,9.254,3.103,846.285,0.973,5.46,33.204,2040,270,0.3885,PQ,,FALSE,0,inf,1,0,0,1,2000,40,0,1,TRUE,27800,0,0,0,1,0,NaN,NaN,,,,,,,,,,,
Mt Piper 2,Coal,NSW,CNSW,N/A,Black Coal NSW,695,690,715,5.479,75,56.743,4.488,9.254,3.103,846.285,0.973,5.46,33.204,2040,270,0.3885,PQ,,FALSE,0,inf,1,0,0,1,2000,40,0,1,TRUE,27800,0,0,0,1,0,NaN,NaN,,,,,,,,,,,
Stanwell 1,Coal,QLD,CNQ,N/A,Black Coal QLD,365,365,365,5.479,N/A,55.836,4.419,9.068,2.519,860.182,0.934,6.67,27.257,2043,140,0.383561644,PQ,,FALSE,0,inf,1,0,0,1,2000,43,0,1,TRUE,14600,0,0,0,1,0,NaN,NaN,,,,,,,,,,,
Stanwell 2,Coal,QLD,CNQ,N/A,Black Coal QLD,365,365,365,5.479,N/A,55.836,4.419,9.068,2.519,860.182,0.934,6.67,27.257,2043,140,0.383561644,PQ,,FALSE,0,inf,1,0,0,1,2000,43,0,1,TRUE,14600,0,0,0,1,0,NaN,NaN,,,,,,,,,,,
Stanwell 3,Coal,QLD,CNQ,N/A,Black Coal QLD,365,365,365,5.479,N/A,55.836,4.419,9.068,2.519,860.182,0.934,6.67,27.257,2043,140,0.383561644,PQ,,FALSE,0,inf,1,0,0,1,2000,43,0,1,TRUE,14600,0,0,0,1,0,NaN,NaN,,,,,,,,,,,
Stanwell 4,Coal,QLD,CNQ,N/A,Black Coal QLD,365,365,365,5.479,N/A,55.836,4.419,9.068,2.519,860.182,0.934,6.67,27.257,2043,140,0.383561644,PQ,,FALSE,0,inf,1,0,0,1,2000,43,0,1,TRUE,14600,0,0,0,1,0,NaN,NaN,,,,,,,,,,,
Tarong 1,Coal,QLD,SQ,N/A,Black Coal QLD,350,350,350,5.479,N/A,55.836,4.419,9.207,2.675,880.074,0.972,6.67,29.052,2036,140,0.4,PQ,,FALSE,0,inf,1,0,0,1,2000,36,0,1,TRUE,14000,0,0,0,1,0,NaN,NaN,,,,,,,,,,,
Tarong 2,Coal,QLD,SQ,N/A,Black Coal QLD,350,350,350,5.479,N/A,55.836,4.419,9.207,2.675,880.074,0.972,6.67,29.052,2036,140,0.4,PQ,,FALSE,0,inf,1,0,0,1,2000,36,0,1,TRUE,14000,0,0,0,1,0,NaN,NaN,,,,,,,,,,,
Tarong 3,Coal,QLD,SQ,N/A,Black Coal QLD,350,350,350,5.479,N/A,55.836,4.419,9.207,2.675,880.074,0.972,6.67,29.052,2036,140,0.4,PQ,,FALSE,0,inf,1,0,0,1,2000,36,0,1,TRUE,14000,0,0,0,1,0,NaN,NaN,,,,,,,,,,,
Tarong 4,Coal,QLD,SQ,N/A,Black Coal QLD,350,350,350,5.479,N/A,55.836,4.419,9.207,2.675,880.074,0.972,6.67,29.052,2036,140,0.4,PQ,,FALSE,0,inf,1,0,0,1,2000,36,0,1,TRUE,14000,0,0,0,1,0,NaN,NaN,,,,,,,,,,,
Tarong North,Coal,QLD,SQ,N/A,Black Coal QLD,450,443,443,5.479,N/A,55.836,4.419,8.654,2.675,880.074,0.972,6.67,27.571,2037,180,0.4,PQ,,FALSE,0,inf,1,0,0,1,2000,37,0,1,TRUE,18000,0,0,0,1,0,NaN,NaN,,,,,,,,,,,
Vales Point B 1,Coal,NSW,SNW,N/A,Black Coal NSW,660,660,660,5.479,75,56.743,4.488,9.677,2.963,877.166,0.987,5.46,33.16,2029,250,0.378787879,PQ,,FALSE,0,inf,1,0,0,1,2000,29,0,1,TRUE,26400,0,0,0,1,0,NaN,NaN,,,,,,,,,,,
Vales Point B 2,Coal,NSW,SNW,N/A,Black Coal NSW,660,660,660,5.479,75,56.743,4.488,9.677,2.963,877.166,0.987,5.46,33.16,2029,250,0.378787879,PQ,,FALSE,0,inf,1,0,0,1,2000,29,0,1,TRUE,26400,0,0,0,1,0,NaN,NaN,,,,,,,,,,,
Yallourn 1,Brown Coal,VIC,VIC,N/A,Brown Coal VIC,362.5,355,382,5.479,N/A,143.969,4.21,13.9,0.662,1279.837,0.966,8.2,13.417,2028,200,0.551724138,PQ,,FALSE,0,inf,1,0,0,1,2000,28,0,1,TRUE,14500,0,0,0,1,0,NaN,NaN,,,,,,,,,,,
Yallourn 2,Brown Coal,VIC,VIC,N/A,Brown Coal VIC,362.5,355,382,5.479,N/A,143.969,4.21,13.9,0.662,1279.837,0.966,8.2,13.417,2028,200,0.551724138,PQ,,FALSE,0,inf,1,0,0,1,2000,28,0,1,TRUE,14500,0,0,0,1,0,NaN,NaN,,,,,,,,,,,
Yallourn 3,Brown Coal,VIC,VIC,N/A,Brown Coal VIC,362.5,355,382,5.479,N/A,143.969,4.21,13.9,0.662,1279.837,0.966,8.2,13.417,2028,200,0.551724138,PQ,,FALSE,0,inf,1,0,0,1,2000,28,0,1,TRUE,14500,0,0,0,1,0,NaN,NaN,,,,,,,,,,,
Yallourn 4,Brown Coal,VIC,VIC,N/A,Brown Coal VIC,362.5,355,382,5.479,N/A,143.969,4.21,13.9,0.662,1279.837,0.966,8.2,13.417,2028,200,0.551724138,PQ,,FALSE,0,inf,1,0,0,1,2000,28,0,1,TRUE,14500,0,0,0,1,0,NaN,NaN,,,,,,,,,,,
Angaston,Diesel,SA,SA,N/A,Liquid Fuel,50,49.2,49.2,1.644,N/A,15.869,11.052,12.775,36.217,690.347,1.002,0.64,473.728,2070,0,0,PQ,,FALSE,0,inf,1,0,0,1,2000,70,0,1,TRUE,2000,0,0,0,1,0,NaN,NaN,,,,,,,,,,,
Lonsdale,Diesel,SA,SA,N/A,Liquid Fuel,20.7,21.06,21.06,1.644,N/A,15.869,11.734,7.895,36.217,674.04,1.006,0.64,297.66,2070,0,0,PQ,,FALSE,0,inf,1,0,0,1,2000,70,0,1,TRUE,828,0,0,0,1,0,NaN,NaN,,,,,,,,,,,
Port Stanvac 1,Diesel,SA,SA,N/A,Liquid Fuel,57.6,64.8,64.8,1.644,N/A,15.869,11.734,7.895,36.217,674.04,1.006,0.64,297.66,2070,0,0,PQ,,FALSE,0,inf,1,0,0,1,2000,70,0,1,TRUE,2304,0,0,0,1,0,NaN,NaN,,,,,,,,,,,
Bairnsdale,Gas,VIC,VIC,N/A,OCGT,94,60,84,1.37,N/A,15.903,11.052,10.496,11.483,547.959,0.987,0.72,131.578,2042,0,0,PQ,,FALSE,0,inf,1,0,0,1,2000,42,0,1,TRUE,3760,0,0,0,1,0,NaN,NaN,,,,,,,,,,,
Barcaldine,Gas,QLD,CNQ,N/A,OCGT,37,34,37,1.37,N/A,15.903,11.052,12.721,8.971,3192.691,0.906,0.72,125.177,2034,0,0,PQ,,FALSE,0,inf,1,0,0,1,2000,34,0,1,TRUE,1480,0,0,0,1,0,NaN,NaN,,,,,,,,,,,
Barker Inlet Power Station,Gas,SA,SA,N/A,OCGT,210,205.2,210,1.644,N/A,15.869,11.052,7.895,11.142,441.553,1,0.72,99.015,2044,0,0,PQ,,FALSE,0,inf,1,0,0,1,2000,44,0,1,TRUE,8400,0,0,0,1,0,NaN,NaN,,,,,,,,,,,
Bell Bay Three,Gas,TAS,TAS,N/A,OCGT,120,105,105,1.37,N/A,15.903,11.052,12.04,12.759,516.288,0.998,0.72,164.676,2040,0,0,PQ,,FALSE,0,inf,1,0,0,1,2000,40,0,1,TRUE,4800,0,0,0,1,0,NaN,NaN,,,,,,,,,,,
Braemar,Gas,QLD,SQ,N/A,OCGT,549,501,543,1.37,N/A,15.903,11.052,11.881,8.971,599.79,0.963,0.72,117.644,2046,0,0,PQ,,FALSE,0,inf,1,0,0,1,2000,46,0,1,TRUE,21960,0,0,0,1,0,NaN,NaN,,,,,,,,,,,
Braemar 2,Gas,QLD,SQ,N/A,OCGT,519,480,519,1.37,N/A,15.903,11.052,11.881,8.971,599.79,0.963,0.72,117.644,2049,0,0,PQ,,FALSE,0,inf,1,0,0,1,2000,49,0,1,TRUE,20760,0,0,0,1,0,NaN,NaN,,,,,,,,,,,
Colongra,Gas,NSW,SNW,N/A,OCGT,724,640,724,1.37,N/A,15.903,11.052,11.146,11.105,658.835,0.985,0.72,134.824,2070,0,0,PQ,,FALSE,0,inf,1,0,0,1,2000,70,0,1,TRUE,28960,0,0,0,1,0,NaN,NaN,,,,,,,,,,,
Condamine,Gas,QLD,SQ,N/A,CCGT,144.4,138.545,144.247,5.479,N/A,11.02,7.735,7.287,7.75,458.51,0.983,1.76,64.213,2039,0,0,PQ,,FALSE,0,inf,1,0,0,1,2000,39,0,1,TRUE,5776,0,0,0,1,0,NaN,NaN,,,,,,,,,,,
Darling Downs,Gas,QLD,SQ,N/A,CCGT,644.5,563,630,5.479,N/A,11.02,7.735,7.377,7.624,427.647,0.963,1.76,63.976,2045,0,0,PQ,,FALSE,0,inf,1,0,0,1,2000,45,0,1,TRUE,25780,0,0,0,1,0,NaN,NaN,,,,,,,,,,,
Dry Creek,Gas,SA,SA,N/A,OCGT,156,112,143,1.37,N/A,15.903,11.052,13.688,11.246,1036.896,1,0.72,164.986,2030,0,0,PQ,,FALSE,0,inf,1,0,0,1,2000,30,0,1,TRUE,6240,0,0,0,1,0,NaN,NaN,,,,,,,,,,,
Hallett,Gas,SA,SA,N/A,OCGT,276.86,223,249,1.37,N/A,15.903,11.052,14.876,11.246,856.742,0.963,0.72,178.343,2032,0,0,PQ,,FALSE,0,inf,1,0,0,1,2000,32,0,1,TRUE,11074.4,0,0,0,1,0,NaN,NaN,,,,,,,,,,,
Hunter Valley,Gas,NSW,CNSW,N/A,Liquid Fuel,50,30,40,1.37,N/A,15.903,11.052,12.721,36.217,1274.017,0.965,0.64,471.767,2022,0,0,PQ,,FALSE,0,inf,1,0,0,1,2000,22,0,1,TRUE,2000,0,0,0,1,0,NaN,NaN,,,,,,,,,,,
Jeeralang A,Gas,VIC,VIC,N/A,OCGT,212,186.4,222,1.37,N/A,15.903,11.052,15.254,11.483,754.908,0.976,0.72,186.223,2039,0,0,PQ,,FALSE,0,inf,1,0,0,1,2000,39,0,1,TRUE,8480,0,0,0,1,0,NaN,NaN,,,,,,,,,,,
Jeeralang B,Gas,VIC,VIC,N/A,OCGT,228,212.9,257,1.37,N/A,15.903,11.052,15.254,11.483,754.908,0.976,0.72,186.223,2039,0,0,PQ,,FALSE,0,inf,1,0,0,1,2000,39,0,1,TRUE,9120,0,0,0,1,0,NaN,NaN,,,,,,,,,,,
Kurri Kurri ,Gas,NSW,SNW,N/A,OCGT,750,750,750,1.37,N/A,10.574,2.488,10.931,11.804,574.594,0.985,0.72,131.519,2063,0,0,PQ,,FALSE,0,inf,1,0,0,1,2000,63,0,1,TRUE,30000,0,0,0,1,0,NaN,NaN,,,,,,,,,,,
Ladbroke Grove,Gas,SA,SA,N/A,OCGT,80,70,84,1.37,N/A,15.903,11.052,11.881,11.246,504.525,0.988,0.72,144.664,2035,0,0,PQ,,FALSE,0,inf,1,0,0,1,2000,35,0,1,TRUE,3200,0,0,0,1,0,NaN,NaN,,,,,,,,,,,
Laverton North,Gas,VIC,VIC,N/A,OCGT,312,336,344,1.37,N/A,15.903,11.052,11.502,11.483,597.133,0.994,0.72,143.13,2070,0,0,PQ,,FALSE,0,inf,1,0,0,1,2000,70,0,1,TRUE,12480,0,0,0,1,0,NaN,NaN,,,,,,,,,,,
Mackay,Gas,QLD,CNQ,N/A,Liquid Fuel,34,0,0,1.37,N/A,15.903,11.052,12.721,36.217,1591.837,0.955,0.64,471.767,2021,0,0,PQ,,FALSE,0,inf,1,0,0,1,2000,21,0,1,TRUE,1360,0,0,0,1,0,NaN,NaN,,,,,,,,,,,
Mintaro,Gas,SA,SA,N/A,OCGT,90,68,90,1.37,N/A,15.903,11.052,12.721,11.246,777.835,0.987,0.72,154.107,2030,0,0,PQ,,FALSE,0,inf,1,0,0,1,2000,30,0,1,TRUE,3600,0,0,0,1,0,NaN,NaN,,,,,,,,,,,
Mortlake,Gas,VIC,VIC,N/A,OCGT,584,514,584,1.37,N/A,15.903,11.052,11.146,11.172,549.536,0.987,0.72,135.575,2047,0,0,PQ,,FALSE,0,inf,1,0,0,1,2000,47,0,1,TRUE,23360,0,0,0,1,0,NaN,NaN,,,,,,,,,,,
Mt Stuart,Gas,QLD,CNQ,N/A,Liquid Fuel,423.5,387,400,1.37,N/A,15.903,11.052,11.881,36.217,1041.608,0.929,0.64,441.356,2033,0,0,PQ,,FALSE,0,inf,1,0,0,1,2000,33,0,1,TRUE,16940,0,0,0,1,0,NaN,NaN,,,,,,,,,,,
Newport,Gas,VIC,VIC,N/A,Gas-powered steam turbine,500,475,510,0.685,N/A,49.463,2.444,10.286,11.483,534.582,0.993,5.08,120.56,2039,0,0,PQ,,FALSE,0,inf,1,0,0,1,2000,39,0,1,TRUE,20000,0,0,0,1,0,NaN,NaN,,,,,,,,,,,
Oakey,Gas,QLD,SQ,N/A,OCGT,346,288,346,1.37,N/A,15.903,11.052,10.942,8.971,705.432,0.954,0.72,109.22,2050,0,0,PQ,,FALSE,0,inf,1,0,0,1,2000,50,0,1,TRUE,13840,0,0,0,1,0,NaN,NaN,,,,,,,,,,,
Osborne,Gas,SA,SA,N/A,CCGT,180,0,0,5.479,N/A,11.02,7.735,8.163,11.038,412.26,1,1.76,97.844,2023,0,0,PQ,,FALSE,0,inf,1,0,0,1,2000,23,0,1,TRUE,7200,0,0,0,1,0,NaN,NaN,,,,,,,,,,,
Pelican Point,Gas,SA,SA,N/A,CCGT,529,453,498,5.479,N/A,11.02,7.735,7.347,11.246,397.839,0.999,1.76,90.357,2037,0,0,PQ,,FALSE,0,inf,1,0,0,1,2000,37,0,1,TRUE,21160,0,0,0,1,0,NaN,NaN,,,,,,,,,,,
Port Lincoln,Gas,SA,SA,N/A,Liquid Fuel,73.5,56,73.5,1.37,N/A,15.903,11.734,12.811,36.217,1620.29,0.951,0.64,475.728,2030,0,0,PQ,,FALSE,0,inf,1,0,0,1,2000,30,0,1,TRUE,2940,0,0,0,1,0,NaN,NaN,,,,,,,,,,,
Quarantine,Gas,SA,SA,N/A,OCGT,229,195,236,1.37,N/A,15.903,11.052,10.714,11.246,704.2,0.986,0.72,131.542,2053,0,0,PQ,,FALSE,0,inf,1,0,0,1,2000,53,0,1,TRUE,9160,0,0,0,1,0,NaN,NaN,,,,,,,,,,,
Roma,Gas,QLD,SQ,N/A,OCGT,80,54,68,1.37,N/A,15.903,11.052,11.881,8.971,639.59,0.968,0.72,117.644,2034,0,0,PQ,,FALSE,0,inf,1,0,0,1,2000,34,0,1,TRUE,3200,0,0,0,1,0,NaN,NaN,,,,,,,,,,,
Smithfield,Gas,NSW,SNW,N/A,OCGT,184.999,108,125.7,1.37,N/A,15.903,11.052,13.688,11.105,720.13,1.002,0.72,163.06,2044,0,0,PQ,,FALSE,0,inf,1,0,0,1,2000,44,0,1,TRUE,7399.96,0,0,0,1,0,NaN,NaN,,,,,,,,,,,
Snapper Point Power Station*,Gas,SA,SA,N/A,Liquid Fuel,154,123,146.5,1.37,N/A,13.063,4.251,10.19,12.116,532.394,1,0.64,127.713,2046,0,0,PQ,,FALSE,0,inf,1,0,0,1,2000,46,0,1,TRUE,6160,0,0,0,1,0,NaN,NaN,,,,,,,,,,,
Snuggery,Gas,SA,SA,N/A,Liquid Fuel,63,54,63,1.37,N/A,15.903,11.734,13.433,36.217,1435.714,0.953,0.64,498.235,2030,0,0,PQ,,FALSE,0,inf,1,0,0,1,2000,30,0,1,TRUE,2520,0,0,0,1,0,NaN,NaN,,,,,,,,,,,
Somerton,Gas,VIC,VIC,N/A,OCGT,170,140,170,1.37,N/A,15.903,11.052,14.876,11.483,701.42,0.993,0.72,181.88,2033,0,0,PQ,,FALSE,0,inf,1,0,0,1,2000,33,0,1,TRUE,6800,0,0,0,1,0,NaN,NaN,,,,,,,,,,,
Swanbank E,Gas,QLD,SQ,N/A,CCGT,385,350,365,5.479,N/A,11.02,7.735,7.438,8.613,378.207,0.997,1.76,71.799,2036,0,0,PQ,,FALSE,0,inf,1,0,0,1,2000,36,0,1,TRUE,15400,0,0,0,1,0,NaN,NaN,,,,,,,,,,,
Tallawarra,Gas,NSW,SNW,N/A,CCGT,440,395,440,5.479,N/A,11.02,7.735,6.99,10.639,369.225,0.991,1.76,82.102,2043,0,0,PQ,,FALSE,0,inf,1,0,0,1,2000,43,0,1,TRUE,17600,0,0,0,1,0,NaN,NaN,,,,,,,,,,,
Tamar Valley CCGT,Gas,TAS,TAS,N/A,CCGT,208,0,0,5.479,N/A,110.793,7.735,7.287,12.759,516.288,1,1.76,100.718,2050,0,0,PQ,,FALSE,0,inf,1,0,0,1,2000,50,0,1,TRUE,8320,0,0,0,1,0,NaN,NaN,,,,,,,,,,,
Tamar Valley OCGT,Gas,TAS,TAS,N/A,OCGT,58,58,58,1.37,N/A,15.903,11.052,12.721,12.759,516.288,0.998,0.72,173.361,2050,0,0,PQ,,FALSE,0,inf,1,0,0,1,2000,50,0,1,TRUE,2320,0,0,0,1,0,NaN,NaN,,,,,,,,,,,
Temporary Generation South,Gas,SA,SA,N/A,Liquid Fuel,246.4,0,0,1.37,N/A,13.063,4.251,10.19,36.217,532.394,1.002,0.64,373.305,2045,0,0,PQ,,FALSE,0,inf,1,0,0,1,2000,45,0,1,TRUE,9856,0,0,0,1,0,NaN,NaN,,,,,,,,,,,
Torrens Island A,Gas,SA,SA,N/A,Gas-powered steam turbine,240,0,0,0.685,N/A,49.463,2.444,11.429,11.038,579.868,1,5.08,128.597,2021,0,0,PQ,,FALSE,0,inf,1,0,0,1,2000,21,0,1,TRUE,9600,0,0,0,1,0,NaN,NaN,,,,,,,,,,,
Torrens Island B,Gas,SA,SA,N/A,Gas-powered steam turbine,800,780,800,0.685,N/A,49.463,2.444,10.714,11.038,579.868,1,5.08,120.712,2035,0,0,PQ,,FALSE,0,inf,1,0,0,1,2000,35,0,1,TRUE,32000,0,0,0,1,0,NaN,NaN,,,,,,,,,,,
Townsville 1,Gas,QLD,CNQ,N/A,CCGT,160,150,165,5.479,N/A,11.02,7.735,7.595,8.421,587.221,0.966,1.76,71.695,2046,0,0,PQ,,FALSE,0,inf,1,0,0,1,2000,46,0,1,TRUE,6400,0,0,0,1,0,NaN,NaN,,,,,,,,,,,
Townsville 2,Gas,QLD,CNQ,N/A,CCGT,84,78,81,5.479,N/A,11.02,7.735,7.595,8.421,587.221,0.966,1.76,71.695,2046,0,0,PQ,,FALSE,0,inf,1,0,0,1,2000,46,0,1,TRUE,3360,0,0,0,1,0,NaN,NaN,,,,,,,,,,,
Uranquinty,Gas,NSW,SNSW,N/A,OCGT,664,640,664,1.37,N/A,15.903,11.052,11.146,10.69,590.816,0.863,0.72,130.202,2044,0,0,PQ,,FALSE,0,inf,1,0,0,1,2000,44,0,1,TRUE,26560,0,0,0,1,0,NaN,NaN,,,,,,,,,,,
Valley Power,Gas,VIC,VIC,N/A,OCGT,300,285,336,1.37,N/A,15.903,11.052,14.876,11.483,814.482,0.976,0.72,181.88,2070,0,0,PQ,,FALSE,0,inf,1,0,0,1,2000,70,0,1,TRUE,12000,0,0,0,1,0,NaN,NaN,,,,,,,,,,,
Yarwun Cogen,Gas,QLD,GG,N/A,CCGT,180,180,180,5.479,N/A,11.02,7.735,10.375,8.421,487.761,0.954,1.76,95.104,2050,0,0,PQ,,FALSE,0,inf,1,0,0,1,2000,50,0,1,TRUE,7200,0,0,0,1,0,NaN,NaN,,,,,,,,,,,
Barron Gorge,Hydro,QLD,CNQ,N/A,Hydro,66,66,66,0.274,N/A,61.137,7.546,0,0,0,0.983,0.34,7.546,2042,0,0,PQ,,FALSE,0,inf,1,0,0,1,2000,42,0,1,TRUE,2640,0,0,0,1,0,NaN,NaN,,,,,,,,,,,
Bastyan,Hydro,TAS,TAS,N/A,Hydro,79.9,81,81,0.274,N/A,61.137,7.546,0,0,0,0.929,0.34,7.546,2100,0,0,PQ,,FALSE,0,inf,1,0,0,1,2000,100,0,1,TRUE,3196,0,0,0,1,0,NaN,NaN,,,,,,,,,,,
Blowering,Hydro,NSW,SNSW,N/A,Hydro,80,70,70,0.274,N/A,61.137,7.546,0,0,0,0.944,0.34,7.546,2070,0,0,PQ,,FALSE,0,inf,1,0,0,1,2000,70,0,1,TRUE,3200,0,0,0,1,0,NaN,NaN,,,,,,,,,,,
Cethana,Hydro,TAS,TAS,N/A,Hydro,85,95,95,0.274,N/A,61.137,7.546,0,0,0,0.951,0.34,7.546,2100,0,0,PQ,,FALSE,0,inf,1,0,0,1,2000,100,0,1,TRUE,3400,0,0,0,1,0,NaN,NaN,,,,,,,,,,,
Dartmouth,Hydro,VIC,VIC,N/A,Hydro,185,170,170,0.274,N/A,61.137,7.546,0,0,0,0.986,0.34,7.546,2057,0,0,PQ,,FALSE,0,inf,1,0,0,1,2000,57,0,1,TRUE,7400,0,0,0,1,0,NaN,NaN,,,,,,,,,,,
Devils Gate,Hydro,TAS,TAS,N/A,Hydro,60,63,63,0.274,N/A,61.137,7.546,0,0,0,0.957,0.34,7.546,2100,0,0,PQ,,FALSE,0,inf,1,0,0,1,2000,100,0,1,TRUE,2400,0,0,0,1,0,NaN,NaN,,,,,,,,,,,
Eildon,Hydro,VIC,VIC,N/A,Hydro,135,120,120,0.274,N/A,61.137,7.546,0,0,0,1,0.34,7.546,2057,0,0,PQ,,FALSE,0,inf,1,0,0,1,2000,57,0,1,TRUE,5400,0,0,0,1,0,NaN,NaN,,,,,,,,,,,
Fisher,Hydro,TAS,TAS,N/A,Hydro,43.2,0,46,0.274,N/A,61.137,7.546,0,0,0,0.956,0.34,7.546,2100,0,0,PQ,,FALSE,0,inf,1,0,0,1,2000,100,0,1,TRUE,1728,0,0,0,1,0,NaN,NaN,,,,,,,,,,,
Gordon,Hydro,TAS,TAS,N/A,Hydro,432,378,378,0.274,N/A,61.137,7.546,0,0,0,0.928,0.34,7.546,2100,0,0,PQ,,FALSE,0,inf,1,0,0,1,2000,100,0,1,TRUE,17280,0,0,0,1,0,NaN,NaN,,,,,,,,,,,
Guthega,Hydro,NSW,SNSW,N/A,Hydro,60,68,68,0.274,N/A,61.137,7.546,0,0,0,0.901,0.34,7.546,2070,0,0,PQ,,FALSE,0,inf,1,0,0,1,2000,70,0,1,TRUE,2400,0,0,0,1,0,NaN,NaN,,,,,,,,,,,
Hume NSW,Hydro,NSW,SNSW,N/A,Hydro,29,29,0,0.274,N/A,61.137,7.546,0,0,0,0.899,0.34,7.546,2057,0,0,PQ,,FALSE,0,inf,1,0,0,1,2000,57,0,1,TRUE,1160,0,0,0,1,0,NaN,NaN,,,,,,,,,,,
Hume VIC,Hydro,VIC,VIC,N/A,Hydro,29,29,0,0.274,N/A,61.137,7.546,0,0,0,0.993,0.34,7.546,2057,0,0,PQ,,FALSE,0,inf,1,0,0,1,2000,57,0,1,TRUE,1160,0,0,0,1,0,NaN,NaN,,,,,,,,,,,
John Butters,Hydro,TAS,TAS,N/A,Hydro,144,140,140,0.274,N/A,61.137,7.546,0,0,0,0.926,0.34,7.546,2100,0,0,PQ,,FALSE,0,inf,1,0,0,1,2000,100,0,1,TRUE,5760,0,0,0,1,0,NaN,NaN,,,,,,,,,,,
Kareeya,Hydro,QLD,CNQ,N/A,Hydro,86.4,86.4,86.4,0.274,N/A,61.137,7.546,0,0,0,0.966,0.34,7.546,2037,0,0,PQ,,FALSE,0,inf,1,0,0,1,2000,37,0,1,TRUE,3456,0,0,0,1,0,NaN,NaN,,,,,,,,,,,
Lake Echo,Hydro,TAS,TAS,N/A,Hydro,32.4,30,30,0.274,N/A,61.137,7.546,0,0,0,0.913,0.34,7.546,2100,0,0,PQ,,FALSE,0,inf,1,0,0,1,2000,100,0,1,TRUE,1296,0,0,0,1,0,NaN,NaN,,,,,,,,,,,
Lemonthyme_Wilmot,Hydro,TAS,TAS,N/A,Hydro,81.6,87,88,0.274,N/A,61.137,7.546,0,0,0,0.961,0.34,7.546,2100,0,0,PQ,,FALSE,0,inf,1,0,0,1,2000,100,0,1,TRUE,3264,0,0,0,1,0,NaN,NaN,,,,,,,,,,,
Liapootah_Wayatinah_Catagunya,Hydro,TAS,TAS,N/A,Hydro,176.7,174,174,0.274,N/A,61.137,7.546,0,0,0,0.979,0.34,7.546,2100,0,0,PQ,,FALSE,0,inf,1,0,0,1,2000,100,0,1,TRUE,7068,0,0,0,1,0,NaN,NaN,,,,,,,,,,,
Mackintosh,Hydro,TAS,TAS,N/A,Hydro,79.9,0,84,0.274,N/A,61.137,7.546,0,0,0,0.916,0.34,7.546,2100,0,0,PQ,,FALSE,0,inf,1,0,0,1,2000,100,0,1,TRUE,3196,0,0,0,1,0,NaN,NaN,,,,,,,,,,,
McKay Creek,Hydro,VIC,VIC,N/A,Hydro,300.02,300.02,300.02,0.274,N/A,61.137,7.546,0,0,0,0.973,0.34,7.546,2057,0,0,PQ,,FALSE,0,inf,1,0,0,1,2000,57,0,1,TRUE,12000.8,0,0,0,1,0,NaN,NaN,,,,,,,,,,,
Meadowbank,Hydro,TAS,TAS,N/A,Hydro,40,43.8,43.8,0.274,N/A,61.137,7.546,0,0,0,0.983,0.34,7.546,2100,0,0,PQ,,FALSE,0,inf,1,0,0,1,2000,100,0,1,TRUE,1600,0,0,0,1,0,NaN,NaN,,,,,,,,,,,
Murray 1,Hydro,VIC,VIC,N/A,Hydro,950,950,760,0.274,N/A,61.137,7.546,0,0,0,0.997,0.34,7.546,2070,0,0,PQ,,FALSE,0,inf,1,0,0,1,2000,70,0,1,TRUE,38000,0,0,0,1,0,NaN,NaN,,,,,,,,,,,
Murray 2,Hydro,VIC,VIC,N/A,Hydro,552,600,600,0.274,N/A,61.137,7.546,0,0,0,0.997,0.34,7.546,2070,0,0,PQ,,FALSE,0,inf,1,0,0,1,2000,70,0,1,TRUE,22080,0,0,0,1,0,NaN,NaN,,,,,,,,,,,
Poatina,Hydro,TAS,TAS,N/A,Hydro,300,285,285,0.274,N/A,61.137,7.546,0,0,0,0.951,0.34,7.546,2100,0,0,PQ,,FALSE,0,inf,1,0,0,1,2000,100,0,1,TRUE,12000,0,0,0,1,0,NaN,NaN,,,,,,,,,,,
Reece,Hydro,TAS,TAS,N/A,Hydro,231.2,232,232,0.274,N/A,61.137,7.546,0,0,0,0.919,0.34,7.546,2100,0,0,PQ,,FALSE,0,inf,1,0,0,1,2000,100,0,1,TRUE,9248,0,0,0,1,0,NaN,NaN,,,,,,,,,,,
Shoalhaven,Hydro,NSW,CNSW,N/A,Hydro,240,240,240,0.274,N/A,61.137,7.546,0,0,0,0.976,0.34,7.546,2100,0,0,PQ,,FALSE,0,inf,1,0,0,1,2000,100,0,1,TRUE,9600,0,0,0,1,0,NaN,NaN,,,,,,,,,,,
Tarraleah,Hydro,TAS,TAS,N/A,Hydro,90,70,70,0.274,N/A,61.137,7.546,0,0,0,0.911,0.34,7.546,2100,0,0,PQ,,FALSE,0,inf,1,0,0,1,2000,100,0,1,TRUE,3600,0,0,0,1,0,NaN,NaN,,,,,,,,,,,
Trevallyn,Hydro,TAS,TAS,N/A,Hydro,93,100,100,0.274,N/A,61.137,7.546,0,0,0,0.985,0.34,7.546,2100,0,0,PQ,,FALSE,0,inf,1,0,0,1,2000,100,0,1,TRUE,3720,0,0,0,1,0,NaN,NaN,,,,,,,,,,,
Tribute,Hydro,TAS,TAS,N/A,Hydro,82.8,88,88,0.274,N/A,61.137,7.546,0,0,0,0.913,0.34,7.546,2100,0,0,PQ,,FALSE,0,inf,1,0,0,1,2000,100,0,1,TRUE,3312,0,0,0,1,0,NaN,NaN,,,,,,,,,,,
Tumut 1,Hydro,NSW,SNSW,N/A,Hydro,616,674,674,0.274,N/A,61.137,7.546,0,0,0,0.934,0.34,7.546,2070,0,0,PQ,,FALSE,0,inf,1,0,0,1,2000,70,0,1,TRUE,24640,0,0,0,1,0,NaN,NaN,,,,,,,,,,,
Tumut 3,Hydro,NSW,SNSW,N/A,Hydro,1500,1800,1800,0.274,N/A,61.137,7.546,0,0,0,0.92,0.34,7.546,2070,0,0,PQ,,FALSE,0,inf,1,0,0,1,2000,70,0,1,TRUE,60000,0,0,0,1,0,NaN,NaN,,,,,,,,,,,
Tungatinah,Hydro,TAS,TAS,N/A,Hydro,125,130,130,0.274,N/A,61.137,7.546,0,0,0,0.886,0.34,7.546,2100,0,0,PQ,,FALSE,0,inf,1,0,0,1,2000,100,0,1,TRUE,5000,0,0,0,1,0,NaN,NaN,,,,,,,,,,,
West Kiewa,Hydro,VIC,VIC,N/A,Hydro,68,68,68,0.274,N/A,61.137,7.546,0,0,0,1.01,0.34,7.546,2057,0,0,PQ,,FALSE,0,inf,1,0,0,1,2000,57,0,1,TRUE,2720,0,0,0,1,0,NaN,NaN,,,,,,,,,,,
Wivenhoe,Hydro,QLD,SQ,N/A,Hydro,570,570,570,0.274,N/A,61.137,7.546,0,0,0,0.99,0.34,7.546,2084,0,0,PQ,,FALSE,0,inf,1,0,0,1,2000,84,0,1,TRUE,22800,0,0,0,1,0,NaN,NaN,,,,,,,,,,,
Tallawarra B,Gas,NSW,SNW,N/A,OCGT,316,314,316,1.369863014,N/A,10.57447552,2.488111888,10.93124368,11.80382806,574.593839,0.9912,0.72,131.5186328,2063,0,0,PQ,,FALSE,1,inf,1,0,0,1,2000,63,0,1,TRUE,12640,0,0,0,1,0,NaN,NaN,,,,,,,,,,,
Kidston ,Hydro,QLD,CNQ,N/A,Hydro,250,0,0,0.274,N/A,61.137,7.546,0,0,0,1,0.34,7.546,2105,0,0,PQ,,FALSE,0,inf,1,0,0,1,2000,105,0,1,TRUE,10000,0,0,0,1,0,NaN,NaN,,,,,,,,,,,
Adelaide Desalination Plant,Solar,SA,SA,N/A,Solar,13.72,9.96,10.72,0,N/A,17.614,0,0,0,0,0.951,0.2,0,2041,0,0,PQ,,FALSE,0,inf,1,0,0,1,2000,41,0,1,TRUE,0,0,0,0,1,0,NaN,NaN,,,,,,,,,,,
Adelaide Desalination Plant*,Solar,SA,SA,N/A,Solar,11,9.96,10.72,0,N/A,17.614,0,0,0,0,1.901,0.2,0,2041,0,0,PQ,,FALSE,0,inf,1,0,0,1,2000,41,0,1,TRUE,0,0,0,0,1,0,NaN,NaN,,,,,,,,,,,
Aramara Solar Farm,Solar,QLD,SQ,Wide Bay,Solar,101.4,101.4,101.4,0,N/A,17.61375874,0,0,0,0,0.9797,0.2,0,2053,0,0,PQ,,FALSE,4,inf,1,0,0,1,2000,53,0,1,TRUE,0,0,0,0,1,0,NaN,NaN,,,,,,,,,,,
Avonlie Solar Farm,Solar,NSW,SNSW,Wagga Wagga,Solar,254,189.98,189.98,0,N/A,17.614,0,0,0,0,0.888,0.2,0,2058,0,0,PQ,,FALSE,0,inf,1,0,0,1,2000,58,0,1,TRUE,0,0,0,0,1,0,NaN,NaN,,,,,,,,,,,
Bannerton Solar Farm,Solar,VIC,VIC,Murray River,Solar,100,88,88,0,N/A,17.614,0,0,0,0,0.863,0.2,0,2049,0,0,PQ,,FALSE,0,inf,1,0,0,1,2000,49,0,1,TRUE,0,0,0,0,1,0,NaN,NaN,,,,,,,,,,,
Beryl,Solar,NSW,CNSW,Central-West Orana,Solar,98.4,87,87,0,N/A,17.614,0,0,0,0,0.918,0.2,0,2049,0,0,PQ,,FALSE,0,inf,1,0,0,1,2000,49,0,1,TRUE,0,0,0,0,1,0,NaN,NaN,,,,,,,,,,,
Bluegrass Solar Farm,Solar,QLD,SQ,Darling Downs,Solar,148,148,148,0,N/A,17.614,0,0,0,0,0.976,0.2,0,2057,0,0,PQ,,FALSE,0,inf,1,0,0,1,2000,57,0,1,TRUE,0,0,0,0,1,0,NaN,NaN,,,,,,,,,,,
Bolivar Waste Water Treatment,Solar,SA,SA,N/A,Solar,11,10.575,11.25,0,N/A,17.614,0,0,0,0,1.001,0.2,0,2053,0,0,PQ,,FALSE,0,inf,1,0,0,1,2000,53,0,1,TRUE,0,0,0,0,1,0,NaN,NaN,,,,,,,,,,,
Bomen Solar Farm,Solar,NSW,SNSW,Wagga Wagga,Solar,121,93.72,99.88,0,N/A,17.614,0,0,0,0,0.888,0.2,0,2050,0,0,PQ,,FALSE,0,inf,1,0,0,1,2000,50,0,1,TRUE,0,0,0,0,1,0,NaN,NaN,,,,,,,,,,,
Broken Hill Solar Farm,Solar,NSW,SNSW,Broken Hill,Solar,53,53,53,0,N/A,17.614,0,0,0,0,0.795,0.2,0,2043,0,0,PQ,,FALSE,0,inf,1,0,0,1,2000,43,0,1,TRUE,0,0,0,0,1,0,NaN,NaN,,,,,,,,,,,
Bungala one Solar Farm,Solar,SA,SA,Northern SA,Solar,135,101.52,108,0,N/A,17.614,0,0,0,0,0.96,0.2,0,2044,0,0,PQ,,FALSE,0,inf,1,0,0,1,2000,44,0,1,TRUE,0,0,0,0,1,0,NaN,NaN,,,,,,,,,,,
Bungala Two Solar Farm,Solar,SA,SA,Northern SA,Solar,135,101.52,108,0,N/A,17.614,0,0,0,0,0.96,0.2,0,2044,0,0,PQ,,FALSE,0,inf,1,0,0,1,2000,44,0,1,TRUE,0,0,0,0,1,0,NaN,NaN,,,,,,,,,,,
Childers Solar Farm,Solar,QLD,SQ,Wide Bay,Solar,55.87,55.87,55.87,0,N/A,17.614,0,0,0,0,0.98,0.2,0,2049,0,0,PQ,,FALSE,0,inf,1,0,0,1,2000,49,0,1,TRUE,0,0,0,0,1,0,NaN,NaN,,,,,,,,,,,
Christies Beach Wastewater Treatment Plant,Solar,SA,SA,N/A,Solar,5,4.8,4.8,0,N/A,17.61375874,0,0,0,0,1.0113,0.2,0,2053,0,0,PQ,,FALSE,7,inf,1,0,0,1,2000,53,0,1,TRUE,0,0,0,0,1,0,NaN,NaN,,,,,,,,,,,
Clare Solar Farm,Solar,QLD,CNQ,Northern Qld,Solar,110.4,95.22,99.981,0,N/A,17.614,0,0,0,0,0.92,0.2,0,2047,0,0,PQ,,FALSE,0,inf,1,0,0,1,2000,47,0,1,TRUE,0,0,0,0,1,0,NaN,NaN,,,,,,,,,,,
Clermont Solar Farm,Solar,QLD,CNQ,Isaac,Solar,92.5,71.41,74.999,0,N/A,17.614,0,0,0,0,0.927,0.2,0,2049,0,0,PQ,,FALSE,0,inf,1,0,0,1,2000,49,0,1,TRUE,0,0,0,0,1,0,NaN,NaN,,,,,,,,,,,
Cohuna Solar Farm,Solar,VIC,VIC,Murray River,Solar,31.103,27.265,27.265,0,N/A,17.614,0,0,0,0,0.913,0.2,0,2045,0,0,PQ,,FALSE,0,inf,1,0,0,1,2000,45,0,1,TRUE,0,0,0,0,1,0,NaN,NaN,,,,,,,,,,,
Coleambally Solar Farm,Solar,NSW,SNSW,South West NSW,Solar,150.3,150.03,150.03,0,N/A,17.614,0,0,0,0,0.848,0.2,0,2038,0,0,PQ,,FALSE,0,inf,1,0,0,1,2000,38,0,1,TRUE,0,0,0,0,1,0,NaN,NaN,,,,,,,,,,,
Collinsville Solar Farm,Solar,QLD,CNQ,Isaac,Solar,42.5,39.95,42.5,0,N/A,17.614,0,0,0,0,0.925,0.2,0,2044,0,0,PQ,,FALSE,0,inf,1,0,0,1,2000,44,0,1,TRUE,0,0,0,0,1,0,NaN,NaN,,,,,,,,,,,
Columboola Solar Farm,Solar,QLD,SQ,Darling Downs,Solar,217.25,159.975,161.95,0,N/A,17.614,0,0,0,0,0.976,0.2,0,2046,0,0,PQ,,FALSE,0,inf,1,0,0,1,2000,46,0,1,TRUE,0,0,0,0,1,0,NaN,NaN,,,,,,,,,,,
Corowa Solar Farm,Solar,NSW,SNSW,South West NSW,Solar,35.992,30.008,30.008,0,N/A,17.614,0,0,0,0,0.881,0.2,0,2051,0,0,PQ,,FALSE,0,inf,1,0,0,1,2000,51,0,1,TRUE,0,0,0,0,1,0,NaN,NaN,,,,,,,,,,,
Darling Downs Solar Farm,Solar,QLD,SQ,Darling Downs,Solar,121,108.504,110,0,N/A,17.614,0,0,0,0,0.976,0.2,0,2036,0,0,PQ,,FALSE,0,inf,1,0,0,1,2000,36,0,1,TRUE,0,0,0,0,1,0,NaN,NaN,,,,,,,,,,,
Darlington Point Solar Farm,Solar,NSW,SNSW,South West NSW,Solar,274.968,263.304,274.968,0,N/A,17.614,0,0,0,0,0.859,0.2,0,2055,0,0,PQ,,FALSE,0,inf,1,0,0,1,2000,55,0,1,TRUE,0,0,0,0,1,0,NaN,NaN,,,,,,,,,,,
Daydream Solar Farm,Solar,QLD,CNQ,Isaac,Solar,167.75,145.79,149.999,0,N/A,17.614,0,0,0,0,0.927,0.2,0,2048,0,0,PQ,,FALSE,0,inf,1,0,0,1,2000,48,0,1,TRUE,0,0,0,0,1,0,NaN,NaN,,,,,,,,,,,
Edenvale Solar Park,Solar,QLD,SQ,Darling Downs,Solar,146,146,146,0,N/A,17.614,0,0,0,0,0.976,0.2,0,2053,0,0,PQ,,FALSE,0,inf,1,0,0,1,2000,53,0,1,TRUE,0,0,0,0,1,0,NaN,NaN,,,,,,,,,,,
Emerald Solar Farm,Solar,QLD,CNQ,N/A,Solar,72,0,0,0,N/A,17.614,0,0,0,0,0.924,0.2,0,2048,0,0,PQ,,FALSE,0,inf,1,0,0,1,2000,48,0,1,TRUE,0,0,0,0,1,0,NaN,NaN,,,,,,,,,,,
Finley Solar Farm,Solar,NSW,SNSW,South West NSW,Solar,162.36,116.721,132.66,0,N/A,17.614,0,0,0,0,0.843,0.2,0,2049,0,0,PQ,,FALSE,0,inf,1,0,0,1,2000,49,0,1,TRUE,0,0,0,0,1,0,NaN,NaN,,,,,,,,,,,
Gangarri Solar Farm,Solar,QLD,SQ,Darling Downs,Solar,162,119.88,119.88,0,N/A,17.614,0,0,0,0,0.976,0.2,0,2051,0,0,PQ,,FALSE,0,inf,1,0,0,1,2000,51,0,1,TRUE,0,0,0,0,1,0,NaN,NaN,,,,,,,,,,,
Gannawarra Solar Farm,Solar,VIC,VIC,Murray River,Solar,55,47.762,50.006,0,N/A,17.614,0,0,0,0,0.913,0.2,0,2048,0,0,PQ,,FALSE,0,inf,1,0,0,1,2000,48,0,1,TRUE,0,0,0,0,1,0,NaN,NaN,,,,,,,,,,,
Glenrowan West Solar Farm,Solar,VIC,VIC,Central North Vic,Solar,132,102.96,110.016,0,N/A,17.614,0,0,0,0,0.998,0.2,0,2051,0,0,PQ,,FALSE,0,inf,1,0,0,1,2000,51,0,1,TRUE,0,0,0,0,1,0,NaN,NaN,,,,,,,,,,,
Goonumbla Solar Farm,Solar,NSW,CNSW,Central-West Orana,Solar,69.75,67.735,69.75,0,N/A,17.614,0,0,0,0,0.892,0.2,0,2050,0,0,PQ,,FALSE,0,inf,1,0,0,1,2000,50,0,1,TRUE,0,0,0,0,1,0,NaN,NaN,,,,,,,,,,,
Gullen Range Solar Farm,Solar,NSW,SNSW,N/A,Solar,10,10,10,0,N/A,17.614,0,0,0,0,0.96,0.2,0,2100,0,0,PQ,,FALSE,0,inf,1,0,0,1,2000,100,0,1,TRUE,0,0,0,0,1,0,NaN,NaN,,,,,,,,,,,
Gunnedah Solar Farm,Solar,NSW,NNSW,North West NSW,Solar,110,110,110,0,N/A,17.614,0,0,0,0,0.893,0.2,0,2056,0,0,PQ,,FALSE,0,inf,1,0,0,1,2000,56,0,1,TRUE,0,0,0,0,1,0,NaN,NaN,,,,,,,,,,,
Hamilton Solar Farm,Solar,QLD,CNQ,Isaac,Solar,57.5,54.119,56.005,0,N/A,17.614,0,0,0,0,0.924,0.2,0,2048,0,0,PQ,,FALSE,0,inf,1,0,0,1,2000,48,0,1,TRUE,0,0,0,0,1,0,NaN,NaN,,,,,,,,,,,
Happy Valley Reservoir,Solar,SA,SA,N/A,Solar,8,8.34,8.34,0,N/A,17.61375874,0,0,0,0,1.0113,0.2,0,2053,0,0,PQ,,FALSE,8,inf,1,0,0,1,2000,53,0,1,TRUE,0,0,0,0,1,0,NaN,NaN,,,,,,,,,,,
Haughton Solar Farm,Solar,QLD,CNQ,Northern Qld,Solar,132.597,100.035,100.035,0,N/A,17.614,0,0,0,0,0.936,0.2,0,2049,0,0,PQ,,FALSE,0,inf,1,0,0,1,2000,49,0,1,TRUE,0,0,0,0,1,0,NaN,NaN,,,,,,,,,,,
Hayman Solar Farm,Solar,QLD,CNQ,Isaac,Solar,57.75,47.838,50.001,0,N/A,17.614,0,0,0,0,0.927,0.2,0,2048,0,0,PQ,,FALSE,0,inf,1,0,0,1,2000,48,0,1,TRUE,0,0,0,0,1,0,NaN,NaN,,,,,,,,,,,
Hillston Sun Farm,Solar,NSW,SNSW,South West NSW,Solar,85,76.52,85,0,N/A,17.614,0,0,0,0,0.976,0.2,0,2052,0,0,PQ,,FALSE,0,inf,1,0,0,1,2000,52,0,1,TRUE,0,0,0,0,1,0,NaN,NaN,,,,,,,,,,,
Hughenden Solar Farm,Solar,QLD,CNQ,North Qld Clean Energy Hub,Solar,18,18,18,0,N/A,17.614,0,0,0,0,0.94,0.2,0,2048,0,0,PQ,,FALSE,0,inf,1,0,0,1,2000,48,0,1,TRUE,0,0,0,0,1,0,NaN,NaN,,,,,,,,,,,
Jemalong Solar,Solar,NSW,CNSW,N/A,Solar,55,0,0,0,N/A,17.614,0,0,0,0,0.896,0.2,0,2050,0,0,PQ,,FALSE,0,inf,1,0,0,1,2000,50,0,1,TRUE,0,0,0,0,1,0,NaN,NaN,,,,,,,,,,,
Junee Solar Farm,Solar,NSW,SNSW,Wagga Wagga,Solar,36.014,30.008,30.008,0,N/A,17.614,0,0,0,0,0.888,0.2,0,2050,0,0,PQ,,FALSE,0,inf,1,0,0,1,2000,50,0,1,TRUE,0,0,0,0,1,0,NaN,NaN,,,,,,,,,,,
Karadoc Solar Farm,Solar,VIC,VIC,Murray River,Solar,102.98,90.06,90.06,0,N/A,17.614,0,0,0,0,0.867,0.2,0,2048,0,0,PQ,,FALSE,0,inf,1,0,0,1,2000,48,0,1,TRUE,0,0,0,0,1,0,NaN,NaN,,,,,,,,,,,
Kennedy Energy Park Solar Farm,Solar,QLD,CNQ,North Qld Clean Energy Hub,Solar,15,15,15,0,N/A,17.614,0,0,0,0,0.94,0.2,0,2046,0,0,PQ,,FALSE,0,inf,1,0,0,1,2000,46,0,1,TRUE,0,0,0,0,1,0,NaN,NaN,,,,,,,,,,,
Kiamal Solar Farm stage 1,Solar,VIC,VIC,Murray River,Solar,199.95,189.75,199.95,0,N/A,17.614,0,0,0,0,0.85,0.2,0,2049,0,0,PQ,,FALSE,0,inf,1,0,0,1,2000,49,0,1,TRUE,0,0,0,0,1,0,NaN,NaN,,,,,,,,,,,
Kidston Solar Farm,Solar,QLD,CNQ,North Qld Clean Energy Hub,Solar,50,48.5,48.5,0,N/A,17.614,0,0,0,0,0.94,0.2,0,2037,0,0,PQ,,FALSE,0,inf,1,0,0,1,2000,37,0,1,TRUE,0,0,0,0,1,0,NaN,NaN,,,,,,,,,,,
Lilyvale Solar Farm,Solar,QLD,CNQ,Isaac,Solar,118.4,97.532,99.974,0,N/A,17.614,0,0,0,0,0.928,0.2,0,2048,0,0,PQ,,FALSE,0,inf,1,0,0,1,2000,48,0,1,TRUE,0,0,0,0,1,0,NaN,NaN,,,,,,,,,,,
Limondale Solar Farm 1,Solar,NSW,SNSW,South West NSW,Solar,220,207.1,220,0,N/A,17.614,0,0,0,0,0.807,0.2,0,2050,0,0,PQ,,FALSE,0,inf,1,0,0,1,2000,50,0,1,TRUE,0,0,0,0,1,0,NaN,NaN,,,,,,,,,,,
Limondale Solar Farm 2,Solar,NSW,SNSW,South West NSW,Solar,28.98,28.994,28.994,0,N/A,17.614,0,0,0,0,0.799,0.2,0,2050,0,0,PQ,,FALSE,0,inf,1,0,0,1,2000,50,0,1,TRUE,0,0,0,0,1,0,NaN,NaN,,,,,,,,,,,
Longreach Solar Farm,Solar,QLD,CNQ,Barcaldine,Solar,14,14,14,0,N/A,17.614,0,0,0,0,0.927,0.2,0,2043,0,0,PQ,,FALSE,0,inf,1,0,0,1,2000,43,0,1,TRUE,0,0,0,0,1,0,NaN,NaN,,,,,,,,,,,
Manildra Solar Farm,Solar,NSW,CNSW,Central-West Orana,Solar,50,46.7,46.7,0,N/A,17.614,0,0,0,0,0.933,0.2,0,2048,0,0,PQ,,FALSE,0,inf,1,0,0,1,2000,48,0,1,TRUE,0,0,0,0,1,0,NaN,NaN,,,,,,,,,,,
Mannum Adelaide Pumping Station No 2 - MAPL2 (Palmer),Solar,SA,SA,South East SA,Solar,16.8,15.792,16.8,0,N/A,17.614,0,0,0,0,1.011,0.2,0,2041,0,0,PQ,,FALSE,0,inf,1,0,0,1,2000,41,0,1,TRUE,0,0,0,0,1,0,NaN,NaN,,,,,,,,,,,
Mannum Adelaide Pumping Station No 3 - MAPL3 (Kanmantoo),Solar,SA,SA,South East SA,Solar,16.62,15.618,16.62,0,N/A,17.614,0,0,0,0,1.011,0.2,0,2041,0,0,PQ,,FALSE,0,inf,1,0,0,1,2000,41,0,1,TRUE,0,0,0,0,1,0,NaN,NaN,,,,,,,,,,,
Maryrorough Solar Farm,Solar,QLD,SQ,Darling Downs,Solar,34.5,0,0,0,N/A,17.614,0,0,0,0,0.979,0.2,0,2048,0,0,PQ,,FALSE,0,inf,1,0,0,1,2000,48,0,1,TRUE,0,0,0,0,1,0,NaN,NaN,,,,,,,,,,,
Metz Solar Farm,Solar,NSW,NNSW,New England,Solar,135,107.082,115.02,0,N/A,17.614,0,0,0,0,0.871,0.2,0,2052,0,0,PQ,,FALSE,0,inf,1,0,0,1,2000,52,0,1,TRUE,0,0,0,0,1,0,NaN,NaN,,,,,,,,,,,
Middlemount Sun Farm,Solar,QLD,CNQ,Isaac,Solar,26,26,26,0,N/A,17.614,0,0,0,0,0.924,0.2,0,2050,0,0,PQ,,FALSE,0,inf,1,0,0,1,2000,50,0,1,TRUE,0,0,0,0,1,0,NaN,NaN,,,,,,,,,,,
Molong Solar Farm,Solar,NSW,CNSW,Central-West Orana,Solar,36.08,32.406,32.406,0,N/A,17.614,0,0,0,0,0.954,0.2,0,2051,0,0,PQ,,FALSE,0,inf,1,0,0,1,2000,51,0,1,TRUE,0,0,0,0,1,0,NaN,NaN,,,,,,,,,,,
Moree Solar Farm,Solar,NSW,NNSW,North West NSW,Solar,56,56,56,0,N/A,17.614,0,0,0,0,0.893,0.2,0,2046,0,0,PQ,,FALSE,0,inf,1,0,0,1,2000,46,0,1,TRUE,0,0,0,0,1,0,NaN,NaN,,,,,,,,,,,
Morgan To Whyalla Pipeline No 1 PS And Water Filtration Plant,Solar,SA,SA,Riverland,Solar,6.12,5.76,6.128,0,N/A,17.614,0,0,0,0,1.027,0.2,0,2031,0,0,PQ,,FALSE,0,inf,1,0,0,1,2000,31,0,1,TRUE,0,0,0,0,1,0,NaN,NaN,,,,,,,,,,,
Morgan To Whyalla Pipeline No 2 PS,Solar,SA,SA,Riverland,Solar,5.88,5.508,5.86,0,N/A,17.614,0,0,0,0,0.966,0.2,0,2041,0,0,PQ,,FALSE,0,inf,1,0,0,1,2000,41,0,1,TRUE,0,0,0,0,1,0,NaN,NaN,,,,,,,,,,,
Morgan To Whyalla Pipeline No 3 PS,Solar,SA,SA,Riverland,Solar,7.38,6.93,7.371,0,N/A,17.614,0,0,0,0,0.972,0.2,0,2045,0,0,PQ,,FALSE,0,inf,1,0,0,1,2000,45,0,1,TRUE,0,0,0,0,1,0,NaN,NaN,,,,,,,,,,,
Morgan To Whyalla Pipeline No 4 PS,Solar,SA,SA,Riverland,Solar,5.88,5.508,5.86,0,N/A,17.614,0,0,0,0,0.975,0.2,0,2041,0,0,PQ,,FALSE,0,inf,1,0,0,1,2000,41,0,1,TRUE,0,0,0,0,1,0,NaN,NaN,,,,,,,,,,,
Moura Solar Farm,Solar,QLD,CNQ,Fitzroy,Solar,99,81.72,81.72,0,N/A,17.614,0,0,0,0,0.928,0.2,0,2057,0,0,PQ,,FALSE,0,inf,1,0,0,1,2000,57,0,1,TRUE,0,0,0,0,1,0,NaN,NaN,,,,,,,,,,,
Munna Creek Solar Farm,Solar,QLD,SQ,Wide Bay,Solar,154,154,154,0,N/A,17.61375874,0,0,0,0,0.9797,0.2,0,2053,0,0,PQ,,FALSE,5,inf,1,0,0,1,2000,53,0,1,TRUE,0,0,0,0,1,0,NaN,NaN,,,,,,,,,,,
Murray Bridge - Onkaparinga Pipeline Pump 2,Solar,SA,SA,South East SA,Solar,13.74,12.918,13.746,0,N/A,17.614,0,0,0,0,1.011,0.2,0,2041,0,0,PQ,,FALSE,0,inf,1,0,0,1,2000,41,0,1,TRUE,0,0,0,0,1,0,NaN,NaN,,,,,,,,,,,
Nevertire Solar Farm,Solar,NSW,CNSW,Central-West Orana,Solar,104.64,104.64,104.64,0,N/A,17.614,0,0,0,0,0.944,0.2,0,2049,0,0,PQ,,FALSE,0,inf,1,0,0,1,2000,49,0,1,TRUE,0,0,0,0,1,0,NaN,NaN,,,,,,,,,,,
New England Solar Farm,Solar,NSW,NNSW,New England,Solar,400,400,400,0,N/A,17.614,0,0,0,0,0.871,0.2,0,2052,0,0,PQ,,FALSE,0,inf,1,0,0,1,2000,52,0,1,TRUE,0,0,0,0,1,0,NaN,NaN,,,,,,,,,,,
Numurkah Solar Farm,Solar,VIC,VIC,Central North Vic,Solar,110.48,107.52,107.52,0,N/A,17.614,0,0,0,0,0.996,0.2,0,2044,0,0,PQ,,FALSE,0,inf,1,0,0,1,2000,44,0,1,TRUE,0,0,0,0,1,0,NaN,NaN,,,,,,,,,,,
Nyngan Solar Plant,Solar,NSW,CNSW,Central-West Orana,Solar,102.025,102.025,102.025,0,N/A,17.614,0,0,0,0,0.99,0.2,0,2042,0,0,PQ,,FALSE,0,inf,1,0,0,1,2000,42,0,1,TRUE,0,0,0,0,1,0,NaN,NaN,,,,,,,,,,,
Oakey 1 Solar Farm,Solar,QLD,SQ,Darling Downs,Solar,25,23.1,25,0,N/A,17.614,0,0,0,0,0.971,0.2,0,2043,0,0,PQ,,FALSE,0,inf,1,0,0,1,2000,43,0,1,TRUE,0,0,0,0,1,0,NaN,NaN,,,,,,,,,,,
Oakey 2 Solar Farm,Solar,QLD,SQ,Darling Downs,Solar,55.64,52.312,54.99,0,N/A,17.614,0,0,0,0,0.971,0.2,0,2044,0,0,PQ,,FALSE,0,inf,1,0,0,1,2000,44,0,1,TRUE,0,0,0,0,1,0,NaN,NaN,,,,,,,,,,,
Parkes Solar Farm,Solar,NSW,CNSW,N/A,Solar,50.5,50.5,50.5,0,N/A,17.614,0,0,0,0,0.892,0.2,0,2058,0,0,PQ,,FALSE,0,inf,1,0,0,1,2000,58,0,1,TRUE,0,0,0,0,1,0,NaN,NaN,,,,,,,,,,,
Port Augusta Renewable Energy Park - Solar,Solar,SA,SA,Northern SA,Solar,79.2,79.2,79.2,0,N/A,17.614,0,0,0,0,0.96,0.2,0,2047,0,0,PQ,,FALSE,0,inf,1,0,0,1,2000,47,0,1,TRUE,0,0,0,0,1,0,NaN,NaN,,,,,,,,,,,
Quorn Park Solar Farm,Solar,NSW,CNSW,N/A,Solar,80,80,80,0,N/A,17.61375874,0,0,0,0,0.8918,0.2,0,2053,0,0,PQ,,FALSE,11,inf,1,0,0,1,2000,53,0,1,TRUE,0,0,0,0,1,0,NaN,NaN,,,,,,,,,,,
Riverina Solar Farm,Solar,NSW,SNSW,N/A,Solar,32.4,32.4,32.4,0,N/A,17.614,0,0,0,0,0.848,0.2,0,2046,0,0,PQ,,FALSE,0,inf,1,0,0,1,2000,46,0,1,TRUE,0,0,0,0,1,0,NaN,NaN,,,,,,,,,,,
Rodds Bay Solar Farm,Solar,QLD,CNQ,Fitzroy,Solar,302.5,245.3,249.7,0,N/A,17.61375874,0,0,0,0,0.9276,0.2,0,2053,0,0,PQ,,FALSE,6,inf,1,0,0,1,2000,53,0,1,TRUE,0,0,0,0,1,0,NaN,NaN,,,,,,,,,,,
Ross River Solar Farm,Solar,QLD,CNQ,Northern Qld,Solar,128,115.968,115.968,0,N/A,17.614,0,0,0,0,0.94,0.2,0,2043,0,0,PQ,,FALSE,0,inf,1,0,0,1,2000,43,0,1,TRUE,0,0,0,0,1,0,NaN,NaN,,,,,,,,,,,
Rugby Run Solar Farm,Solar,QLD,CNQ,Isaac,Solar,65,65,65,0,N/A,17.614,0,0,0,0,0.916,0.2,0,2049,0,0,PQ,,FALSE,0,inf,1,0,0,1,2000,49,0,1,TRUE,0,0,0,0,1,0,NaN,NaN,,,,,,,,,,,
Sebastopol Solar Farm,Solar,NSW,SNSW,Wagga Wagga,Solar,90,84.44,90,0,N/A,17.614,0,0,0,0,0.96,0.2,0,2052,0,0,PQ,,FALSE,0,inf,1,0,0,1,2000,52,0,1,TRUE,0,0,0,0,1,0,NaN,NaN,,,,,,,,,,,
Sun Metals Corporation Solar Farm,Solar,QLD,CNQ,Northern Qld,Solar,143,119.6,119.6,0,N/A,17.614,0,0,0,0,1.002,0.2,0,2042,0,0,PQ,,FALSE,0,inf,1,0,0,1,2000,42,0,1,TRUE,0,0,0,0,1,0,NaN,NaN,,,,,,,,,,,
Sunraysia Solar Farm,Solar,NSW,SNSW,South West NSW,Solar,228.8,199.68,164.32,0,N/A,17.614,0,0,0,0,0.807,0.2,0,2049,0,0,PQ,,FALSE,0,inf,1,0,0,1,2000,49,0,1,TRUE,0,0,0,0,1,0,NaN,NaN,,,,,,,,,,,
Suntop Solar Farm,Solar,NSW,CNSW,Central-West Orana,Solar,150,150,150,0,N/A,17.614,0,0,0,0,0.99,0.2,0,2056,0,0,PQ,,FALSE,0,inf,1,0,0,1,2000,56,0,1,TRUE,0,0,0,0,1,0,NaN,NaN,,,,,,,,,,,
Susan River Solar Farm,Solar,QLD,SQ,Wide Bay,Solar,85.26,75.019,75.019,0,N/A,17.614,0,0,0,0,0.98,0.2,0,2049,0,0,PQ,,FALSE,0,inf,1,0,0,1,2000,49,0,1,TRUE,0,0,0,0,1,0,NaN,NaN,,,,,,,,,,,
Tailem Bend Solar Farm,Solar,SA,SA,South East SA,Solar,108,94.9968,94.9968,0,N/A,17.614,0,0,0,0,1.011,0.2,0,2049,0,0,PQ,,FALSE,0,inf,1,0,0,1,2000,49,0,1,TRUE,0,0,0,0,1,0,NaN,NaN,,,,,,,,,,,
Wagga North Solar Farm,Solar,NSW,SNSW,Wagga Wagga,Solar,36.014,46.376,46.376,0,N/A,17.614,0,0,0,0,0.888,0.2,0,2050,0,0,PQ,,FALSE,0,inf,1,0,0,1,2000,50,0,1,TRUE,0,0,0,0,1,0,NaN,NaN,,,,,,,,,,,
Walla Walla Solar Farm,Solar,NSW,SNSW,N/A,Solar,380,299.44,299.44,0,N/A,17.61375874,0,0,0,0,0.8875,0.2,0,2053,0,0,PQ,,FALSE,12,inf,1,0,0,1,2000,53,0,1,TRUE,0,0,0,0,1,0,NaN,NaN,,,,,,,,,,,
Warwick Solar Farm - stage 1,Solar,QLD,SQ,Darling Downs,Solar,32.104,32.104,32.104,0,N/A,17.614,0,0,0,0,0.979,0.2,0,2046,0,0,PQ,,FALSE,0,inf,1,0,0,1,2000,46,0,1,TRUE,0,0,0,0,1,0,NaN,NaN,,,,,,,,,,,
Warwick Solar Farm - stage 2,Solar,QLD,SQ,Darling Downs,Solar,32.104,32.104,32.104,0,N/A,17.614,0,0,0,0,0.979,0.2,0,2045,0,0,PQ,,FALSE,0,inf,1,0,0,1,2000,45,0,1,TRUE,0,0,0,0,1,0,NaN,NaN,,,,,,,,,,,
Wellington Solar Farm,Solar,NSW,CNSW,Central-West Orana,Solar,211.2,0,0,0,N/A,17.614,0,0,0,0,0.944,0.2,0,2051,0,0,PQ,,FALSE,0,inf,1,0,0,1,2000,51,0,1,TRUE,0,0,0,0,1,0,NaN,NaN,,,,,,,,,,,
Wemen Solar Farm,Solar,VIC,VIC,Murray River,Solar,97.5,82.368,87.984,0,N/A,17.614,0,0,0,0,0.863,0.2,0,2049,0,0,PQ,,FALSE,0,inf,1,0,0,1,2000,49,0,1,TRUE,0,0,0,0,1,0,NaN,NaN,,,,,,,,,,,
West Wyalong Solar Farm,Solar,NSW,SNSW,N/A,Solar,105.27,90.016,90.016,0,N/A,17.61375874,0,0,0,0,0.8875,0.2,0,2047,0,0,PQ,,FALSE,2,inf,1,0,0,1,2000,47,0,1,TRUE,0,0,0,0,1,0,NaN,NaN,,,,,,,,,,,
Western Downs Green Power Hub,Solar,QLD,SQ,Darling Downs,Solar,400,394,400,0,N/A,17.614,0,0,0,0,0.976,0.2,0,2047,0,0,PQ,,FALSE,0,inf,1,0,0,1,2000,47,0,1,TRUE,0,0,0,0,1,0,NaN,NaN,,,,,,,,,,,
White Rock Solar Farm,Solar,NSW,NNSW,New England,Solar,20,20,20,0,N/A,17.614,0,0,0,0,0.871,0.2,0,2043,0,0,PQ,,FALSE,0,inf,1,0,0,1,2000,43,0,1,TRUE,0,0,0,0,1,0,NaN,NaN,,,,,,,,,,,
Whitsunday Solar Farm,Solar,QLD,CNQ,Isaac,Solar,57.5,54.119,56.005,0,N/A,17.614,0,0,0,0,0.923,0.2,0,2048,0,0,PQ,,FALSE,0,inf,1,0,0,1,2000,48,0,1,TRUE,0,0,0,0,1,0,NaN,NaN,,,,,,,,,,,
Winton Solar Farm,Solar,VIC,VIC,Central North Vic,Solar,85,0,0,0,N/A,17.614,0,0,0,0,0.996,0.2,0,2051,0,0,PQ,,FALSE,0,inf,1,0,0,1,2000,51,0,1,TRUE,0,0,0,0,1,0,NaN,NaN,,,,,,,,,,,
Wollar Solar Farm,Solar,NSW,CNSW,N/A,Solar,280,280,280,0,N/A,17.61375874,0,0,0,0,0.9184,0.2,0,2053,0,0,PQ,,FALSE,3,inf,1,0,0,1,2000,53,0,1,TRUE,0,0,0,0,1,0,NaN,NaN,,,,,,,,,,,
Woolooga Solar Farm,Solar,QLD,SQ,Wide Bay,Solar,222.5,157.53,175.953,0,N/A,17.614,0,0,0,0,0.98,0.2,0,2047,0,0,PQ,,FALSE,0,inf,1,0,0,1,2000,47,0,1,TRUE,0,0,0,0,1,0,NaN,NaN,,,,,,,,,,,
Wunghnu Solar Farm,Solar,VIC,VIC,N/A,Solar,75,75,75,0,N/A,17.61375874,0,0,0,0,0.9963,0.2,0,2053,0,0,PQ,,FALSE,13,inf,1,0,0,1,2000,53,0,1,TRUE,0,0,0,0,1,0,NaN,NaN,,,,,,,,,,,
Wyalong Solar Farm,Solar,NSW,SNSW,N/A,Solar,62.32,53.01,53.01,0,N/A,17.614,0,0,0,0,0.888,0.2,0,2058,0,0,PQ,,FALSE,0,inf,1,0,0,1,2000,58,0,1,TRUE,0,0,0,0,1,0,NaN,NaN,,,,,,,,,,,
Yanco Solar Farm,Solar,NSW,SNSW,N/A,Solar,60,60,60,0,N/A,17.61375874,0,0,0,0,0.8875,0.2,0,2053,0,0,PQ,,FALSE,14,inf,1,0,0,1,2000,53,0,1,TRUE,0,0,0,0,1,0,NaN,NaN,,,,,,,,,,,
Yarranlea Solar Farm,Solar,QLD,SQ,Darling Downs,Solar,102.96,102.96,102.96,0,N/A,17.614,0,0,0,0,0.979,0.2,0,2044,0,0,PQ,,FALSE,0,inf,1,0,0,1,2000,44,0,1,TRUE,0,0,0,0,1,0,NaN,NaN,,,,,,,,,,,
Yatpool Solar Farm,Solar,VIC,VIC,Murray River,Solar,92.56,81,81,0,N/A,17.614,0,0,0,0,0.867,0.2,0,2050,0,0,PQ,,FALSE,0,inf,1,0,0,1,2000,50,0,1,TRUE,0,0,0,0,1,0,NaN,NaN,,,,,,,,,,,
Ararat Wind Farm,Wind,VIC,VIC,Western Victoria,Wind,240,75,240,0,N/A,25.918,0,0,0,0,0.899,0.28,0.01,2047,0,0,PQ,,FALSE,0,inf,1,0,0,1,2000,47,0,1,TRUE,0,0,0,0,1,0,NaN,NaN,,,,,,,,,,,
Bald Hills Wind Farm,Wind,VIC,VIC,N/A,Wind,106.6,106.6,106.6,0,N/A,25.918,0,0,0,0,0.994,0.28,0.01,2040,0,0,PQ,,FALSE,0,inf,1,0,0,1,2000,40,0,1,TRUE,0,0,0,0,1,0,NaN,NaN,,,,,,,,,,,
Bango 973 Wind Farm,Wind,NSW,SNSW,N/A,Wind,159,0,159,0,N/A,25.918,0,0,0,0,0.913,0.28,0.01,2050,0,0,PQ,,FALSE,0,inf,1,0,0,1,2000,50,0,1,TRUE,0,0,0,0,1,0,NaN,NaN,,,,,,,,,,,
Bango 999 Wind Farm,Wind,NSW,SNSW,N/A,Wind,84.8,0,84.8,0,N/A,25.918,0,0,0,0,0.96,0.28,0.01,2050,0,0,PQ,,FALSE,0,inf,1,0,0,1,2000,50,0,1,TRUE,0,0,0,0,1,0,NaN,NaN,,,,,,,,,,,
Berrybank Wind Farm,Wind,VIC,VIC,South West Victoria,Wind,180.6,0,0,0,N/A,25.918,0,0,0,0,0.943,0.28,0.01,2050,0,0,PQ,,FALSE,0,inf,1,0,0,1,2000,50,0,1,TRUE,0,0,0,0,1,0,NaN,NaN,,,,,,,,,,,
Boco Rock Wind Farm,Wind,NSW,SNSW,Cooma-Monaro,Wind,113,104.088,113.18,0,N/A,25.918,0,0,0,0,0.936,0.28,0.01,2040,0,0,PQ,,FALSE,0,inf,1,0,0,1,2000,40,0,1,TRUE,0,0,0,0,1,0,NaN,NaN,,,,,,,,,,,
Bodangora Wind Farm,Wind,NSW,CNSW,Central-West Orana,Wind,113.19,113.19,113.19,0,N/A,25.918,0,0,0,0,0.958,0.28,0.01,2049,0,0,PQ,,FALSE,0,inf,1,0,0,1,2000,49,0,1,TRUE,0,0,0,0,1,0,NaN,NaN,,,,,,,,,,,
Bulgana Green Power Hub - Wind Farm,Wind,VIC,VIC,Western Victoria,Wind,204.4,204.4,204.4,0,N/A,25.918,0,0,0,0,0.895,0.28,0.01,2049,0,0,PQ,,FALSE,0,inf,1,0,0,1,2000,49,0,1,TRUE,0,0,0,0,1,0,NaN,NaN,,,,,,,,,,,
Canunda Wind Farm,Wind,SA,SA,South East SA,Wind,46,46,46,0,N/A,25.918,0,0,0,0,0.994,0.28,0.01,2030,0,0,PQ,,FALSE,0,inf,1,0,0,1,2000,30,0,1,TRUE,0,0,0,0,1,0,NaN,NaN,,,,,,,,,,,
Capital Wind Farm,Wind,NSW,SNSW,N/A,Wind,140.7,141,141,0,N/A,25.918,0,0,0,0,0.956,0.28,0.01,2040,0,0,PQ,,FALSE,0,inf,1,0,0,1,2000,40,0,1,TRUE,0,0,0,0,1,0,NaN,NaN,,,,,,,,,,,
Cathedral Rocks Wind Farm,Wind,SA,SA,Eastern Eyre Peninsula,Wind,66,66,66,0,N/A,25.918,0,0,0,0,0.917,0.28,0.01,2030,0,0,PQ,,FALSE,0,inf,1,0,0,1,2000,30,0,1,TRUE,0,0,0,0,1,0,NaN,NaN,,,,,,,,,,,
Cattle Hill Wind Farm,Wind,TAS,TAS,Central Highlands,Wind,144,144,144,0,N/A,25.918,0,0,0,0,0.981,0.28,0.01,2044,0,0,PQ,,FALSE,0,inf,1,0,0,1,2000,44,0,1,TRUE,0,0,0,0,1,0,NaN,NaN,,,,,,,,,,,
Challicum Hills Wind Farm,Wind,VIC,VIC,Western Victoria,Wind,52.5,53,53,0,N/A,25.918,0,0,0,0,0.97,0.28,0.01,2033,0,0,PQ,,FALSE,0,inf,1,0,0,1,2000,33,0,1,TRUE,0,0,0,0,1,0,NaN,NaN,,,,,,,,,,,
Cherry Tree Wind Farm,Wind,VIC,VIC,N/A,Wind,57.6,57.6,57.6,0,N/A,25.918,0,0,0,0,0.996,0.28,0.01,2050,0,0,PQ,,FALSE,0,inf,1,0,0,1,2000,50,0,1,TRUE,0,0,0,0,1,0,NaN,NaN,,,,,,,,,,,
Clements Gap Wind Farm,Wind,SA,SA,Mid-North SA,Wind,56.7,56.7,56.7,0,N/A,25.918,0,0,0,0,0.956,0.28,0.01,2039,0,0,PQ,,FALSE,0,inf,1,0,0,1,2000,39,0,1,TRUE,0,0,0,0,1,0,NaN,NaN,,,,,,,,,,,
Collector Wind Farm,Wind,NSW,SNSW,N/A,Wind,226.8,0,0,0,N/A,25.918,0,0,0,0,0.959,0.28,0.01,2046,0,0,PQ,,FALSE,0,inf,1,0,0,1,2000,46,0,1,TRUE,0,0,0,0,1,0,NaN,NaN,,,,,,,,,,,
Coopers Gap Wind Farm,Wind,QLD,SQ,Darling Downs,Wind,452.89,439.975,439.975,0,N/A,25.918,0,0,0,0,0.968,0.28,0.01,2044,0,0,PQ,,FALSE,0,inf,1,0,0,1,2000,44,0,1,TRUE,0,0,0,0,1,0,NaN,NaN,,,,,,,,,,,
Crookwell 2 Wind Farm,Wind,NSW,SNSW,N/A,Wind,96.04,91,91,0,N/A,25.918,0,0,0,0,0.962,0.28,0.01,2043,0,0,PQ,,FALSE,0,inf,1,0,0,1,2000,43,0,1,TRUE,0,0,0,0,1,0,NaN,NaN,,,,,,,,,,,
Crowlands Wind Farm,Wind,VIC,VIC,Western Victoria,Wind,79.95,79.95,79.95,0,N/A,25.918,0,0,0,0,0.899,0.28,0.01,2049,0,0,PQ,,FALSE,0,inf,1,0,0,1,2000,49,0,1,TRUE,0,0,0,0,1,0,NaN,NaN,,,,,,,,,,,
Crudine Ridge Wind Farm,Wind,NSW,CNSW,N/A,Wind,138,0,138.01,0,N/A,25.918,0,0,0,0,0.925,0.28,0.01,2041,0,0,PQ,,FALSE,0,inf,1,0,0,1,2000,41,0,1,TRUE,0,0,0,0,1,0,NaN,NaN,,,,,,,,,,,
Cullerin Range Wind Farm,Wind,NSW,SNSW,N/A,Wind,30,30,30,0,N/A,25.918,0,0,0,0,0.908,0.28,0.01,2038,0,0,PQ,,FALSE,0,inf,1,0,0,1,2000,38,0,1,TRUE,0,0,0,0,1,0,NaN,NaN,,,,,,,,,,,
Dulacca Wind Farm,Wind,QLD,SQ,Darling Downs,Wind,173,103.329,172.989,0,N/A,25.918,0,0,0,0,0.968,0.28,0.01,2053,0,0,PQ,,FALSE,0,inf,1,0,0,1,2000,53,0,1,TRUE,0,0,0,0,1,0,NaN,NaN,,,,,,,,,,,
Dundonnell Wind Farm,Wind,VIC,VIC,South West Victoria,Wind,336,216,336,0,N/A,25.918,0,0,0,0,0.979,0.28,0.01,2045,0,0,PQ,,FALSE,0,inf,1,0,0,1,2000,45,0,1,TRUE,0,0,0,0,1,0,NaN,NaN,,,,,,,,,,,
Elaine Wind Farm,Wind,VIC,VIC,Western Victoria,Wind,83.6,83.6,83.6,0,N/A,25.918,0,0,0,0,0.946,0.28,0.01,2049,0,0,PQ,,FALSE,0,inf,1,0,0,1,2000,49,0,1,TRUE,0,0,0,0,1,0,NaN,NaN,,,,,,,,,,,
Granville Harbour Wind Farm,Wind,TAS,TAS,North West Tasmania,Wind,111.6,111.6,111.6,0,N/A,25.918,0,0,0,0,0.931,0.28,0.01,2055,0,0,PQ,,FALSE,0,inf,1,0,0,1,2000,55,0,1,TRUE,0,0,0,0,1,0,NaN,NaN,,,,,,,,,,,
Gullen Range Wind Farm,Wind,NSW,SNSW,N/A,Wind,165.5,165.5,165.5,0,N/A,25.918,0,0,0,0,0.96,0.28,0.01,2100,0,0,PQ,,FALSE,0,inf,1,0,0,1,2000,100,0,1,TRUE,0,0,0,0,1,0,NaN,NaN,,,,,,,,,,,
Gullen Range Wind Farm 2,Wind,NSW,SNSW,N/A,Wind,110.67,0,0,0,N/A,25.918,0,0,0,0,0.96,0.28,0.01,2120,0,0,PQ,,FALSE,0,inf,1,0,0,1,2000,120,0,1,TRUE,0,0,0,0,1,0,NaN,NaN,,,,,,,,,,,
Gunning Wind Farm,Wind,NSW,SNSW,N/A,Wind,46.5,46.5,46.5,0,N/A,25.918,0,0,0,0,0.908,0.28,0.01,2036,0,0,PQ,,FALSE,0,inf,1,0,0,1,2000,36,0,1,TRUE,0,0,0,0,1,0,NaN,NaN,,,,,,,,,,,
Hallett 4 North Brown Hill Wind Farm,Wind,SA,SA,Mid-North SA,Wind,132.3,88.2,131.985,0,N/A,25.918,0,0,0,0,0.957,0.28,0.01,2036,0,0,PQ,,FALSE,0,inf,1,0,0,1,2000,36,0,1,TRUE,0,0,0,0,1,0,NaN,NaN,,,,,,,,,,,
Hallett 5 The Bluff Wind Farm,Wind,SA,SA,Mid-North SA,Wind,52.5,35,52.5,0,N/A,25.918,0,0,0,0,0.963,0.28,0.01,2036,0,0,PQ,,FALSE,0,inf,1,0,0,1,2000,36,0,1,TRUE,0,0,0,0,1,0,NaN,NaN,,,,,,,,,,,
Hallett Stage 1 Brown Hill Wind Farm,Wind,SA,SA,Mid-North SA,Wind,94.5,63,94.5,0,N/A,25.918,0,0,0,0,0.963,0.28,0.01,2043,0,0,PQ,,FALSE,0,inf,1,0,0,1,2000,43,0,1,TRUE,0,0,0,0,1,0,NaN,NaN,,,,,,,,,,,
Hallett Stage 2 Hallett Hill Wind Farm,Wind,SA,SA,Mid-North SA,Wind,71.4,47.6,71.4,0,N/A,25.918,0,0,0,0,0.961,0.28,0.01,2035,0,0,PQ,,FALSE,0,inf,1,0,0,1,2000,35,0,1,TRUE,0,0,0,0,1,0,NaN,NaN,,,,,,,,,,,
Hornsdale Wind Farm Stage 1,Wind,SA,SA,Mid-North SA,Wind,102.4,100,100,0,N/A,25.918,0,0,0,0,0.952,0.28,0.01,2056,0,0,PQ,,FALSE,0,inf,1,0,0,1,2000,56,0,1,TRUE,0,0,0,0,1,0,NaN,NaN,,,,,,,,,,,
Hornsdale Wind Farm Stage 2,Wind,SA,SA,Mid-North SA,Wind,102.4,100,100,0,N/A,25.918,0,0,0,0,0.952,0.28,0.01,2057,0,0,PQ,,FALSE,0,inf,1,0,0,1,2000,57,0,1,TRUE,0,0,0,0,1,0,NaN,NaN,,,,,,,,,,,
Hornsdale Wind Farm Stage 3,Wind,SA,SA,Mid-North SA,Wind,112,108.99,108.99,0,N/A,25.918,0,0,0,0,0.952,0.28,0.01,2057,0,0,PQ,,FALSE,0,inf,1,0,0,1,2000,57,0,1,TRUE,0,0,0,0,1,0,NaN,NaN,,,,,,,,,,,
Kaban Green Power Hub - Wind Farm,Wind,QLD,CNQ,Far North QLD,Wind,149.8,120.4,149.8,0,N/A,25.918,0,0,0,0,0.984,0.28,0.01,2048,0,0,PQ,,FALSE,0,inf,1,0,0,1,2000,48,0,1,TRUE,0,0,0,0,1,0,NaN,NaN,,,,,,,,,,,
Kennedy Energy Park Wind Farm,Wind,QLD,CNQ,North Qld Clean Energy Hub,Wind,43.2,36,43.2,0,N/A,25.918,0,0,0,0,0.94,0.28,0.01,2045,0,0,PQ,,FALSE,0,inf,1,0,0,1,2000,45,0,1,TRUE,0,0,0,0,1,0,NaN,NaN,,,,,,,,,,,
Kiata Wind Farm,Wind,VIC,VIC,Western Victoria,Wind,31.05,27,31.05,0,N/A,25.918,0,0,0,0,0.902,0.28,0.01,2042,0,0,PQ,,FALSE,0,inf,1,0,0,1,2000,42,0,1,TRUE,0,0,0,0,1,0,NaN,NaN,,,,,,,,,,,
Lake Bonney 1 Wind Farm,Wind,SA,SA,South East SA,Wind,80.5,81,81,0,N/A,25.918,0,0,0,0,0.98,0.28,0.01,2035,0,0,PQ,,FALSE,0,inf,1,0,0,1,2000,35,0,1,TRUE,0,0,0,0,1,0,NaN,NaN,,,,,,,,,,,
Lake Bonney 2 Wind Farm,Wind,SA,SA,South East SA,Wind,159,159,159,0,N/A,25.918,0,0,0,0,0.98,0.28,0.01,2038,0,0,PQ,,FALSE,0,inf,1,0,0,1,2000,38,0,1,TRUE,0,0,0,0,1,0,NaN,NaN,,,,,,,,,,,
Lake Bonney 3 Wind Farm,Wind,SA,SA,South East SA,Wind,39,39,39,0,N/A,25.918,0,0,0,0,0.98,0.28,0.01,2040,0,0,PQ,,FALSE,0,inf,1,0,0,1,2000,40,0,1,TRUE,0,0,0,0,1,0,NaN,NaN,,,,,,,,,,,
Lincoln Gap Wind Farm - stage 1,Wind,SA,SA,Northern SA,Wind,126,126,126,0,N/A,25.918,0,0,0,0,0.967,0.28,0.01,2045,0,0,PQ,,FALSE,0,inf,1,0,0,1,2000,45,0,1,TRUE,0,0,0,0,1,0,NaN,NaN,,,,,,,,,,,
Lincoln Gap Wind Farm - stage 2,Wind,SA,SA,Northern SA,Wind,86.4,86.4,86.4,0,N/A,25.918,0,0,0,0,0.967,0.28,0.01,2045,0,0,PQ,,FALSE,0,inf,1,0,0,1,2000,45,0,1,TRUE,0,0,0,0,1,0,NaN,NaN,,,,,,,,,,,
Macarthur Wind Farm,Wind,VIC,VIC,South West Victoria,Wind,420,420,420,0,N/A,25.918,0,0,0,0,0.975,0.28,0.01,2038,0,0,PQ,,FALSE,0,inf,1,0,0,1,2000,38,0,1,TRUE,0,0,0,0,1,0,NaN,NaN,,,,,,,,,,,
Macintyre Wind Farm,Wind,QLD,SQ,Darling Downs,Wind,300,300,300,0,N/A,25.91783217,0,0,0,0,0.9683,0.28,0.01,2053,0,0,PQ,,FALSE,10,inf,1,0,0,1,2000,53,0,1,TRUE,0,0,0,0,1,0,NaN,NaN,,,,,,,,,,,
Moorabool Wind Farm,Wind,VIC,VIC,Western Victoria,Wind,312,312,312,0,N/A,25.918,0,0,0,0,0.946,0.28,0.01,2044,0,0,PQ,,FALSE,0,inf,1,0,0,1,2000,44,0,1,TRUE,0,0,0,0,1,0,NaN,NaN,,,,,,,,,,,
Mortlake South Wind Farm,Wind,VIC,VIC,South West Victoria,Wind,157.5,157.5,157.5,0,N/A,25.91783217,0,0,0,0,0.8987,0.28,0.01,2053,0,0,PQ,,FALSE,9,inf,1,0,0,1,2000,53,0,1,TRUE,0,0,0,0,1,0,NaN,NaN,,,,,,,,,,,
Mortons Lane Wind Farm,Wind,VIC,VIC,South West Victoria,Wind,19.5,20,20,0,N/A,25.918,0,0,0,0,1.004,0.28,0.01,2042,0,0,PQ,,FALSE,0,inf,1,0,0,1,2000,42,0,1,TRUE,0,0,0,0,1,0,NaN,NaN,,,,,,,,,,,
Mount Emerald Wind Farm,Wind,QLD,CNQ,Far North QLD,Wind,180.518,166.95,180.465,0,N/A,25.918,0,0,0,0,0.984,0.28,0.01,2043,0,0,PQ,,FALSE,0,inf,1,0,0,1,2000,43,0,1,TRUE,0,0,0,0,1,0,NaN,NaN,,,,,,,,,,,
Mount Millar Wind Farm,Wind,SA,SA,Eastern Eyre Peninsula,Wind,70,70,70,0,N/A,25.918,0,0,0,0,0.929,0.28,0.01,2035,0,0,PQ,,FALSE,0,inf,1,0,0,1,2000,35,0,1,TRUE,0,0,0,0,1,0,NaN,NaN,,,,,,,,,,,
Mt Gellibrand Wind Farm,Wind,VIC,VIC,South West Victoria,Wind,138.6,0,132,0,N/A,25.918,0,0,0,0,0.986,0.28,0.01,2043,0,0,PQ,,FALSE,0,inf,1,0,0,1,2000,43,0,1,TRUE,0,0,0,0,1,0,NaN,NaN,,,,,,,,,,,
Mt Mercer Wind Farm,Wind,VIC,VIC,Western Victoria,Wind,131.2,0,131.2,0,N/A,25.918,0,0,0,0,0.946,0.28,0.01,2043,0,0,PQ,,FALSE,0,inf,1,0,0,1,2000,43,0,1,TRUE,0,0,0,0,1,0,NaN,NaN,,,,,,,,,,,
Murra Warra Wind Farm - stage 1,Wind,VIC,VIC,Western Victoria,Wind,225.7,225.7,225.7,0,N/A,25.918,0,0,0,0,0.888,0.28,0.01,2049,0,0,PQ,,FALSE,0,inf,1,0,0,1,2000,49,0,1,TRUE,0,0,0,0,1,0,NaN,NaN,,,,,,,,,,,
Murra Warra Wind Farm - stage 2,Wind,VIC,VIC,Western Victoria,Wind,209,179.36,197.6,0,N/A,25.918,0,0,0,0,0.888,0.28,0.01,2052,0,0,PQ,,FALSE,0,inf,1,0,0,1,2000,52,0,1,TRUE,0,0,0,0,1,0,NaN,NaN,,,,,,,,,,,
Musselroe Wind Farm,Wind,TAS,TAS,North East Tasmania,Wind,168,168,168,0,N/A,25.918,0,0,0,0,0.9,0.28,0.01,2050,0,0,PQ,,FALSE,0,inf,1,0,0,1,2000,50,0,1,TRUE,0,0,0,0,1,0,NaN,NaN,,,,,,,,,,,
Oaklands Hill Wind Farm,Wind,VIC,VIC,South West Victoria,Wind,67.2,40.992,63.008,0,N/A,25.918,0,0,0,0,1.004,0.28,0.01,2037,0,0,PQ,,FALSE,0,inf,1,0,0,1,2000,37,0,1,TRUE,0,0,0,0,1,0,NaN,NaN,,,,,,,,,,,
Port Augusta Renewable Energy Park - Wind,Wind,SA,SA,Northern SA,Wind,210,210,210,0,N/A,25.918,0,0,0,0,0.967,0.28,0.01,2052,0,0,PQ,,FALSE,0,inf,1,0,0,1,2000,52,0,1,TRUE,0,0,0,0,1,0,NaN,NaN,,,,,,,,,,,
Portland Wind Farm,Wind,VIC,VIC,South West Victoria,Wind,151.7,92,92,0,N/A,25.918,0,0,0,0,0.991,0.28,0.01,2040,0,0,PQ,,FALSE,0,inf,1,0,0,1,2000,40,0,1,TRUE,0,0,0,0,1,0,NaN,NaN,,,,,,,,,,,
Rye Park Wind Farm,Wind,NSW,SNSW,N/A,Wind,396,225.06,386.1,0,N/A,25.918,0,0,0,0,0.913,0.28,0.01,2048,0,0,PQ,,FALSE,0,inf,1,0,0,1,2000,48,0,1,TRUE,0,0,0,0,1,0,NaN,NaN,,,,,,,,,,,
Salt Creek Wind Farm,Wind,VIC,VIC,South West Victoria,Wind,54,37.5,54,0,N/A,25.918,0,0,0,0,0.952,0.28,0.01,2043,0,0,PQ,,FALSE,0,inf,1,0,0,1,2000,43,0,1,TRUE,0,0,0,0,1,0,NaN,NaN,,,,,,,,,,,
Sapphire Wind Farm,Wind,NSW,NNSW,New England,Wind,270,155.7,270,0,N/A,25.918,0,0,0,0,0.943,0.28,0.01,2043,0,0,PQ,,FALSE,0,inf,1,0,0,1,2000,43,0,1,TRUE,0,0,0,0,1,0,NaN,NaN,,,,,,,,,,,
Silverton Wind Farm,Wind,NSW,SNSW,Broken Hill,Wind,198.94,119.48,198.012,0,N/A,25.918,0,0,0,0,0.846,0.28,0.01,2043,0,0,PQ,,FALSE,0,inf,1,0,0,1,2000,43,0,1,TRUE,0,0,0,0,1,0,NaN,NaN,,,,,,,,,,,
Snowtown S2 Wind Farm - North,Wind,SA,SA,Mid-North SA,Wind,144,133.2,144,0,N/A,25.918,0,0,0,0,0.968,0.28,0.01,2039,0,0,PQ,,FALSE,0,inf,1,0,0,1,2000,39,0,1,TRUE,0,0,0,0,1,0,NaN,NaN,,,,,,,,,,,
Snowtown S2 Wind Farm - South,Wind,SA,SA,Mid-North SA,Wind,126,116.55,126,0,N/A,25.918,0,0,0,0,0.968,0.28,0.01,2039,0,0,PQ,,FALSE,0,inf,1,0,0,1,2000,39,0,1,TRUE,0,0,0,0,1,0,NaN,NaN,,,,,,,,,,,
Snowtown Wind Farm,Wind,SA,SA,Mid-North SA,Wind,98.7,65.8,98.7,0,N/A,25.918,0,0,0,0,0.913,0.28,0.01,2033,0,0,PQ,,FALSE,0,inf,1,0,0,1,2000,33,0,1,TRUE,0,0,0,0,1,0,NaN,NaN,,,,,,,,,,,
Starfish Hill Wind Farm,Wind,SA,SA,N/A,Wind,33,33,33,0,N/A,25.918,0,0,0,0,1.006,0.28,0.01,2027,0,0,PQ,,FALSE,0,inf,1,0,0,1,2000,27,0,1,TRUE,0,0,0,0,1,0,NaN,NaN,,,,,,,,,,,
Stockyard Hill Wind Farm,Wind,VIC,VIC,South West Victoria,Wind,527.56,0,0,0,N/A,25.918,0,0,0,0,0.97,0.28,0.01,2045,0,0,PQ,,FALSE,0,inf,1,0,0,1,2000,45,0,1,TRUE,0,0,0,0,1,0,NaN,NaN,,,,,,,,,,,
Taralga Wind Farm,Wind,NSW,CNSW,N/A,Wind,106.8,106.8,106.8,0,N/A,25.918,0,0,0,0,1.012,0.28,0.01,2040,0,0,PQ,,FALSE,0,inf,1,0,0,1,2000,40,0,1,TRUE,0,0,0,0,1,0,NaN,NaN,,,,,,,,,,,
Waterloo Wind Farm,Wind,SA,SA,Mid-North SA,Wind,130.8,39.6,131,0,N/A,25.918,0,0,0,0,0.959,0.28,0.01,2045,0,0,PQ,,FALSE,0,inf,1,0,0,1,2000,45,0,1,TRUE,0,0,0,0,1,0,NaN,NaN,,,,,,,,,,,
Wattle Point Wind Farm,Wind,SA,SA,Yorke Peninsula,Wind,90.75,0,111,0,N/A,25.918,0,0,0,0,0.811,0.28,0.01,2029,0,0,PQ,,FALSE,0,inf,1,0,0,1,2000,29,0,1,TRUE,0,0,0,0,1,0,NaN,NaN,,,,,,,,,,,
Waubra Wind Farm,Wind,VIC,VIC,Western Victoria,Wind,192,192,192,0,N/A,25.918,0,0,0,0,0.922,0.28,0.01,2034,0,0,PQ,,FALSE,0,inf,1,0,0,1,2000,34,0,1,TRUE,0,0,0,0,1,0,NaN,NaN,,,,,,,,,,,
White Rock Wind Farm,Wind,NSW,NNSW,New England,Wind,172.48,172.48,172.48,0,N/A,25.918,0,0,0,0,0.871,0.28,0.01,2038,0,0,PQ,,FALSE,0,inf,1,0,0,1,2000,38,0,1,TRUE,0,0,0,0,1,0,NaN,NaN,,,,,,,,,,,
Willogoleche Wind Farm,Wind,SA,SA,Mid-North SA,Wind,119.36,0,119.36,0,N/A,25.918,0,0,0,0,0.958,0.28,0.01,2043,0,0,PQ,,FALSE,0,inf,1,0,0,1,2000,43,0,1,TRUE,0,0,0,0,1,0,NaN,NaN,,,,,,,,,,,
Woodlawn Wind Farm,Wind,NSW,SNSW,N/A,Wind,48.3,48.3,48.3,0,N/A,25.918,0,0,0,0,0.956,0.28,0.01,2041,0,0,PQ,,FALSE,0,inf,1,0,0,1,2000,41,0,1,TRUE,0,0,0,0,1,0,NaN,NaN,,,,,,,,,,,
Woolnorth Wind Farm,Wind,TAS,TAS,North West Tasmania,Wind,139.75,140,140,0,N/A,25.918,0,0,0,0,0.879,0.28,0.01,2050,0,0,PQ,,FALSE,0,inf,1,0,0,1,2000,50,0,1,TRUE,0,0,0,0,1,0,NaN,NaN,,,,,,,,,,,
Yaloak South Wind Farm,Wind,VIC,VIC,Western Victoria,Wind,28.7,29,29,0,N/A,25.918,0,0,0,0,0.97,0.28,0.01,2048,0,0,PQ,,FALSE,0,inf,1,0,0,1,2000,48,0,1,TRUE,0,0,0,0,1,0,NaN,NaN,,,,,,,,,,,
Yambuk Wind Farm,Wind,VIC,VIC,South West Victoria,Wind,30,30,30,0,N/A,25.918,0,0,0,0,1.004,0.28,0.01,2040,0,0,PQ,,FALSE,0,inf,1,0,0,1,2000,40,0,1,TRUE,0,0,0,0,1,0,NaN,NaN,,,,,,,,,,,
Yendon Wind Farm,Wind,VIC,VIC,Western Victoria,Wind,144.4,144.4,144.4,0,N/A,25.918,0,0,0,0,0.942,0.28,0.01,2049,0,0,PQ,,FALSE,0,inf,1,0,0,1,2000,49,0,1,TRUE,5776,0,0,0,1,0,NaN,NaN,,,,,,,,,,,